--------------------------------------------------------
--  文件已创建 - 星期四-八月-27-2020   
--------------------------------------------------------
--------------------------------------------------------
--  DDL for Table ADMIN
--------------------------------------------------------

  CREATE TABLE "CATJI"."ADMIN" 
   (	"ADMIN_ID" NUMBER(6,0), 
	"EMAIL" VARCHAR2(256 BYTE), 
	"TEL" VARCHAR2(11 BYTE), 
	"NICKNAME" VARCHAR2(10 BYTE), 
	"PASSWORD" VARCHAR2(20 BYTE), 
	"GENDER" VARCHAR2(1 BYTE), 
	"AVATAR" VARCHAR2(256 BYTE), 
	"CREATE_TIME" DATE
   ) SEGMENT CREATION IMMEDIATE 
  PCTFREE 10 PCTUSED 40 INITRANS 1 MAXTRANS 255 
 NOCOMPRESS LOGGING
  STORAGE(INITIAL 65536 NEXT 1048576 MINEXTENTS 1 MAXEXTENTS 2147483645
  PCTINCREASE 0 FREELISTS 1 FREELIST GROUPS 1
  BUFFER_POOL DEFAULT FLASH_CACHE DEFAULT CELL_FLASH_CACHE DEFAULT)
  TABLESPACE "USERS" ;
--------------------------------------------------------
--  DDL for Table BLOCK
--------------------------------------------------------

  CREATE TABLE "CATJI"."BLOCK" 
   (	"USID" NUMBER(8,0), 
	"BLOCK_USID" NUMBER(8,0)
   ) SEGMENT CREATION IMMEDIATE 
  PCTFREE 10 PCTUSED 40 INITRANS 1 MAXTRANS 255 
 NOCOMPRESS LOGGING
  STORAGE(INITIAL 65536 NEXT 1048576 MINEXTENTS 1 MAXEXTENTS 2147483645
  PCTINCREASE 0 FREELISTS 1 FREELIST GROUPS 1
  BUFFER_POOL DEFAULT FLASH_CACHE DEFAULT CELL_FLASH_CACHE DEFAULT)
  TABLESPACE "USERS" ;
--------------------------------------------------------
--  DDL for Table BLOG
--------------------------------------------------------

  CREATE TABLE "CATJI"."BLOG" 
   (	"BID" NUMBER(8,0), 
	"CONTENT" VARCHAR2(4000 CHAR), 
	"USID" NUMBER(8,0), 
	"CREATE_TIME" DATE, 
	"LIKE_NUM" NUMBER(10,0) DEFAULT 0, 
	"IS_PUBLIC" NUMBER, 
	"COMMENT_NUM" NUMBER(10,0) DEFAULT 0, 
	"TRANSMIT_NUM" NUMBER(10,0) DEFAULT 0
   ) SEGMENT CREATION IMMEDIATE 
  PCTFREE 10 PCTUSED 40 INITRANS 1 MAXTRANS 255 
 NOCOMPRESS LOGGING
  STORAGE(INITIAL 65536 NEXT 1048576 MINEXTENTS 1 MAXEXTENTS 2147483645
  PCTINCREASE 0 FREELISTS 1 FREELIST GROUPS 1
  BUFFER_POOL DEFAULT FLASH_CACHE DEFAULT CELL_FLASH_CACHE DEFAULT)
  TABLESPACE "USERS" ;
--------------------------------------------------------
--  DDL for Table BLOGCOMMENT
--------------------------------------------------------

  CREATE TABLE "CATJI"."BLOGCOMMENT" 
   (	"BCID" NUMBER(8,0), 
	"USID" NUMBER(8,0), 
	"BID" NUMBER(8,0), 
	"CONTENT" VARCHAR2(100 CHAR), 
	"REPLY_BCID" NUMBER(10,0), 
	"CREATE_TIME" DATE, 
	"LIKE_NUM" NUMBER(10,0) DEFAULT 0, 
	"PARENT_BCID" NUMBER(10,0)
   ) SEGMENT CREATION IMMEDIATE 
  PCTFREE 10 PCTUSED 40 INITRANS 1 MAXTRANS 255 
 NOCOMPRESS LOGGING
  STORAGE(INITIAL 65536 NEXT 1048576 MINEXTENTS 1 MAXEXTENTS 2147483645
  PCTINCREASE 0 FREELISTS 1 FREELIST GROUPS 1
  BUFFER_POOL DEFAULT FLASH_CACHE DEFAULT CELL_FLASH_CACHE DEFAULT)
  TABLESPACE "USERS" ;
--------------------------------------------------------
--  DDL for Table BLOGIMAGE
--------------------------------------------------------

  CREATE TABLE "CATJI"."BLOGIMAGE" 
   (	"IMG_URL" VARCHAR2(256 BYTE), 
	"BID" NUMBER(8,0)
   ) SEGMENT CREATION IMMEDIATE 
  PCTFREE 10 PCTUSED 40 INITRANS 1 MAXTRANS 255 
 NOCOMPRESS LOGGING
  STORAGE(INITIAL 65536 NEXT 1048576 MINEXTENTS 1 MAXEXTENTS 2147483645
  PCTINCREASE 0 FREELISTS 1 FREELIST GROUPS 1
  BUFFER_POOL DEFAULT FLASH_CACHE DEFAULT CELL_FLASH_CACHE DEFAULT)
  TABLESPACE "USERS" ;
--------------------------------------------------------
--  DDL for Table CAT
--------------------------------------------------------

  CREATE TABLE "CATJI"."CAT" 
   (	"CAT_ID" NUMBER(6,0), 
	"USID" NUMBER(8,0), 
	"NAME" VARCHAR2(10 CHAR), 
	"DESCRIPTION" VARCHAR2(2000 CHAR), 
	"BANNER" VARCHAR2(256 BYTE)
   ) SEGMENT CREATION IMMEDIATE 
  PCTFREE 10 PCTUSED 40 INITRANS 1 MAXTRANS 255 
 NOCOMPRESS LOGGING
  STORAGE(INITIAL 65536 NEXT 1048576 MINEXTENTS 1 MAXEXTENTS 2147483645
  PCTINCREASE 0 FREELISTS 1 FREELIST GROUPS 1
  BUFFER_POOL DEFAULT FLASH_CACHE DEFAULT CELL_FLASH_CACHE DEFAULT)
  TABLESPACE "USERS" ;
--------------------------------------------------------
--  DDL for Table FAVORITE
--------------------------------------------------------

  CREATE TABLE "CATJI"."FAVORITE" 
   (	"USID" NUMBER(8,0), 
	"VID" NUMBER(10,0)
   ) SEGMENT CREATION IMMEDIATE 
  PCTFREE 10 PCTUSED 40 INITRANS 1 MAXTRANS 255 
 NOCOMPRESS LOGGING
  STORAGE(INITIAL 65536 NEXT 1048576 MINEXTENTS 1 MAXEXTENTS 2147483645
  PCTINCREASE 0 FREELISTS 1 FREELIST GROUPS 1
  BUFFER_POOL DEFAULT FLASH_CACHE DEFAULT CELL_FLASH_CACHE DEFAULT)
  TABLESPACE "USERS" ;
--------------------------------------------------------
--  DDL for Table FOLLOW
--------------------------------------------------------

  CREATE TABLE "CATJI"."FOLLOW" 
   (	"USID" NUMBER(8,0), 
	"FOLLOW_USID" NUMBER(8,0)
   ) SEGMENT CREATION IMMEDIATE 
  PCTFREE 10 PCTUSED 40 INITRANS 1 MAXTRANS 255 
 NOCOMPRESS LOGGING
  STORAGE(INITIAL 65536 NEXT 1048576 MINEXTENTS 1 MAXEXTENTS 2147483645
  PCTINCREASE 0 FREELISTS 1 FREELIST GROUPS 1
  BUFFER_POOL DEFAULT FLASH_CACHE DEFAULT CELL_FLASH_CACHE DEFAULT)
  TABLESPACE "USERS" ;
--------------------------------------------------------
--  DDL for Table LIKEBLOG
--------------------------------------------------------

  CREATE TABLE "CATJI"."LIKEBLOG" 
   (	"USID" NUMBER(8,0), 
	"BID" NUMBER(10,0)
   ) SEGMENT CREATION IMMEDIATE 
  PCTFREE 10 PCTUSED 40 INITRANS 1 MAXTRANS 255 
 NOCOMPRESS LOGGING
  STORAGE(INITIAL 65536 NEXT 1048576 MINEXTENTS 1 MAXEXTENTS 2147483645
  PCTINCREASE 0 FREELISTS 1 FREELIST GROUPS 1
  BUFFER_POOL DEFAULT FLASH_CACHE DEFAULT CELL_FLASH_CACHE DEFAULT)
  TABLESPACE "USERS" ;
--------------------------------------------------------
--  DDL for Table LIKEBLOGCOMMENT
--------------------------------------------------------

  CREATE TABLE "CATJI"."LIKEBLOGCOMMENT" 
   (	"USID" NUMBER(8,0), 
	"BCID" NUMBER(8,0)
   ) SEGMENT CREATION IMMEDIATE 
  PCTFREE 10 PCTUSED 40 INITRANS 1 MAXTRANS 255 
 NOCOMPRESS LOGGING
  STORAGE(INITIAL 65536 NEXT 1048576 MINEXTENTS 1 MAXEXTENTS 2147483645
  PCTINCREASE 0 FREELISTS 1 FREELIST GROUPS 1
  BUFFER_POOL DEFAULT FLASH_CACHE DEFAULT CELL_FLASH_CACHE DEFAULT)
  TABLESPACE "USERS" ;
--------------------------------------------------------
--  DDL for Table LIKEVIDEO
--------------------------------------------------------

  CREATE TABLE "CATJI"."LIKEVIDEO" 
   (	"USID" NUMBER(8,0), 
	"VID" NUMBER(10,0)
   ) SEGMENT CREATION IMMEDIATE 
  PCTFREE 10 PCTUSED 40 INITRANS 1 MAXTRANS 255 
 NOCOMPRESS LOGGING
  STORAGE(INITIAL 65536 NEXT 1048576 MINEXTENTS 1 MAXEXTENTS 2147483645
  PCTINCREASE 0 FREELISTS 1 FREELIST GROUPS 1
  BUFFER_POOL DEFAULT FLASH_CACHE DEFAULT CELL_FLASH_CACHE DEFAULT)
  TABLESPACE "USERS" ;
--------------------------------------------------------
--  DDL for Table LIKEVIDEOCOMMENT
--------------------------------------------------------

  CREATE TABLE "CATJI"."LIKEVIDEOCOMMENT" 
   (	"USID" NUMBER(8,0), 
	"VCID" NUMBER(10,0)
   ) SEGMENT CREATION IMMEDIATE 
  PCTFREE 10 PCTUSED 40 INITRANS 1 MAXTRANS 255 
 NOCOMPRESS LOGGING
  STORAGE(INITIAL 65536 NEXT 1048576 MINEXTENTS 1 MAXEXTENTS 2147483645
  PCTINCREASE 0 FREELISTS 1 FREELIST GROUPS 1
  BUFFER_POOL DEFAULT FLASH_CACHE DEFAULT CELL_FLASH_CACHE DEFAULT)
  TABLESPACE "USERS" ;
--------------------------------------------------------
--  DDL for Table MESSAGE
--------------------------------------------------------

  CREATE TABLE "CATJI"."MESSAGE" 
   (	"MID" NUMBER(10,0), 
	"USID" NUMBER(8,0), 
	"TO_USID" NUMBER(8,0), 
	"CONTENT" VARCHAR2(400 CHAR), 
	"CREATE_TIME" DATE
   ) SEGMENT CREATION IMMEDIATE 
  PCTFREE 10 PCTUSED 40 INITRANS 1 MAXTRANS 255 
 NOCOMPRESS LOGGING
  STORAGE(INITIAL 65536 NEXT 1048576 MINEXTENTS 1 MAXEXTENTS 2147483645
  PCTINCREASE 0 FREELISTS 1 FREELIST GROUPS 1
  BUFFER_POOL DEFAULT FLASH_CACHE DEFAULT CELL_FLASH_CACHE DEFAULT)
  TABLESPACE "USERS" ;
--------------------------------------------------------
--  DDL for Table REPORTBLOG
--------------------------------------------------------

  CREATE TABLE "CATJI"."REPORTBLOG" 
   (	"BRID" NUMBER(10,0), 
	"USID" NUMBER(8,0), 
	"BID" NUMBER(8,0), 
	"REASON" VARCHAR2(400 CHAR), 
	"CREATE_TIME" DATE, 
	"REPLY" VARCHAR2(400 CHAR), 
	"ADMIN" NUMBER(6,0), 
	"REPLY_TIME" DATE
   ) SEGMENT CREATION DEFERRED 
  PCTFREE 10 PCTUSED 40 INITRANS 1 MAXTRANS 255 
 NOCOMPRESS LOGGING
  TABLESPACE "USERS" ;
--------------------------------------------------------
--  DDL for Table REPORTVIDEO
--------------------------------------------------------

  CREATE TABLE "CATJI"."REPORTVIDEO" 
   (	"VRID" NUMBER(10,0), 
	"USID" NUMBER(8,0), 
	"VID" NUMBER(10,0), 
	"REASON" VARCHAR2(400 CHAR), 
	"CREATE_TIME" DATE, 
	"REPLY" VARCHAR2(400 CHAR), 
	"ADMIN" NUMBER(6,0), 
	"REPLY_TIME" DATE
   ) SEGMENT CREATION DEFERRED 
  PCTFREE 10 PCTUSED 40 INITRANS 1 MAXTRANS 255 
 NOCOMPRESS LOGGING
  TABLESPACE "USERS" ;
--------------------------------------------------------
--  DDL for Table SEARCHHISTORY
--------------------------------------------------------

  CREATE TABLE "CATJI"."SEARCHHISTORY" 
   (	"USID" NUMBER(8,0), 
	"CONTENT" VARCHAR2(20 CHAR), 
	"CREATE_TIME" TIMESTAMP (6)
   ) SEGMENT CREATION IMMEDIATE 
  PCTFREE 10 PCTUSED 40 INITRANS 1 MAXTRANS 255 
 NOCOMPRESS LOGGING
  STORAGE(INITIAL 65536 NEXT 1048576 MINEXTENTS 1 MAXEXTENTS 2147483645
  PCTINCREASE 0 FREELISTS 1 FREELIST GROUPS 1
  BUFFER_POOL DEFAULT FLASH_CACHE DEFAULT CELL_FLASH_CACHE DEFAULT)
  TABLESPACE "USERS" ;
--------------------------------------------------------
--  DDL for Table TAG
--------------------------------------------------------

  CREATE TABLE "CATJI"."TAG" 
   (	"TAG_ID" NUMBER(6,0), 
	"NAME" VARCHAR2(10 CHAR), 
	"CAT_ID" NUMBER(6,0)
   ) SEGMENT CREATION IMMEDIATE 
  PCTFREE 10 PCTUSED 40 INITRANS 1 MAXTRANS 255 
 NOCOMPRESS LOGGING
  STORAGE(INITIAL 65536 NEXT 1048576 MINEXTENTS 1 MAXEXTENTS 2147483645
  PCTINCREASE 0 FREELISTS 1 FREELIST GROUPS 1
  BUFFER_POOL DEFAULT FLASH_CACHE DEFAULT CELL_FLASH_CACHE DEFAULT)
  TABLESPACE "USERS" ;
--------------------------------------------------------
--  DDL for Table USERS
--------------------------------------------------------

  CREATE TABLE "CATJI"."USERS" 
   (	"USID" NUMBER(8,0), 
	"EMAIL" VARCHAR2(256 BYTE), 
	"TEL" VARCHAR2(11 BYTE), 
	"NICKNAME" VARCHAR2(10 CHAR), 
	"PASSWORD" VARCHAR2(20 BYTE), 
	"GENDER" VARCHAR2(1 BYTE), 
	"AVATAR" VARCHAR2(256 BYTE), 
	"CREATE_TIME" DATE, 
	"BIRTHDAY" DATE, 
	"IS_BANNED" NUMBER DEFAULT 0, 
	"SIGNATURE" VARCHAR2(40 CHAR), 
	"FOLLOWER_NUM" NUMBER(8,0) DEFAULT 0, 
	"CAT_ID" NUMBER(6,0), 
	"CHANGED_TIME" DATE
   ) SEGMENT CREATION IMMEDIATE 
  PCTFREE 10 PCTUSED 40 INITRANS 1 MAXTRANS 255 
 NOCOMPRESS LOGGING
  STORAGE(INITIAL 65536 NEXT 1048576 MINEXTENTS 1 MAXEXTENTS 2147483645
  PCTINCREASE 0 FREELISTS 1 FREELIST GROUPS 1
  BUFFER_POOL DEFAULT FLASH_CACHE DEFAULT CELL_FLASH_CACHE DEFAULT)
  TABLESPACE "USERS" ;
--------------------------------------------------------
--  DDL for Table VIDEO
--------------------------------------------------------

  CREATE TABLE "CATJI"."VIDEO" 
   (	"VID" NUMBER(10,0), 
	"PATH" VARCHAR2(256 BYTE), 
	"TITLE" VARCHAR2(20 CHAR), 
	"DESCRIPTION" VARCHAR2(400 CHAR), 
	"COVER" VARCHAR2(256 BYTE), 
	"CREATE_TIME" DATE, 
	"TIME" NUMBER(10,0), 
	"USID" NUMBER(8,0), 
	"LIKE_NUM" NUMBER(8,0) DEFAULT 0, 
	"FAVORITE_NUM" NUMBER(8,0) DEFAULT 0, 
	"WATCH_NUM" NUMBER(10,0) DEFAULT 0, 
	"IS_BANNED" NUMBER, 
	"COMMENT_NUM" NUMBER(10,0) DEFAULT 0
   ) SEGMENT CREATION IMMEDIATE 
  PCTFREE 10 PCTUSED 40 INITRANS 1 MAXTRANS 255 
 NOCOMPRESS LOGGING
  STORAGE(INITIAL 65536 NEXT 1048576 MINEXTENTS 1 MAXEXTENTS 2147483645
  PCTINCREASE 0 FREELISTS 1 FREELIST GROUPS 1
  BUFFER_POOL DEFAULT FLASH_CACHE DEFAULT CELL_FLASH_CACHE DEFAULT)
  TABLESPACE "USERS" ;
--------------------------------------------------------
--  DDL for Table VIDEOCOMMENT
--------------------------------------------------------

  CREATE TABLE "CATJI"."VIDEOCOMMENT" 
   (	"VCID" NUMBER(10,0), 
	"USID" NUMBER(8,0), 
	"VID" NUMBER(10,0), 
	"CONTENT" VARCHAR2(100 CHAR), 
	"REPLY_VCID" NUMBER(10,0), 
	"CREATE_TIME" DATE, 
	"LIKE_NUM" NUMBER(10,0) DEFAULT 0, 
	"PARENT_VCID" NUMBER(10,0)
   ) SEGMENT CREATION IMMEDIATE 
  PCTFREE 10 PCTUSED 40 INITRANS 1 MAXTRANS 255 
 NOCOMPRESS LOGGING
  STORAGE(INITIAL 65536 NEXT 1048576 MINEXTENTS 1 MAXEXTENTS 2147483645
  PCTINCREASE 0 FREELISTS 1 FREELIST GROUPS 1
  BUFFER_POOL DEFAULT FLASH_CACHE DEFAULT CELL_FLASH_CACHE DEFAULT)
  TABLESPACE "USERS" ;
--------------------------------------------------------
--  DDL for Table VIDEOTAG
--------------------------------------------------------

  CREATE TABLE "CATJI"."VIDEOTAG" 
   (	"VID" NUMBER(10,0), 
	"TAG_ID" NUMBER(6,0)
   ) SEGMENT CREATION IMMEDIATE 
  PCTFREE 10 PCTUSED 40 INITRANS 1 MAXTRANS 255 
 NOCOMPRESS LOGGING
  STORAGE(INITIAL 65536 NEXT 1048576 MINEXTENTS 1 MAXEXTENTS 2147483645
  PCTINCREASE 0 FREELISTS 1 FREELIST GROUPS 1
  BUFFER_POOL DEFAULT FLASH_CACHE DEFAULT CELL_FLASH_CACHE DEFAULT)
  TABLESPACE "USERS" ;
--------------------------------------------------------
--  DDL for Table WATCHHISTORY
--------------------------------------------------------

  CREATE TABLE "CATJI"."WATCHHISTORY" 
   (	"USID" NUMBER(8,0), 
	"VID" NUMBER(10,0), 
	"CREATE_TIME" TIMESTAMP (6)
   ) SEGMENT CREATION IMMEDIATE 
  PCTFREE 10 PCTUSED 40 INITRANS 1 MAXTRANS 255 
 NOCOMPRESS LOGGING
  STORAGE(INITIAL 65536 NEXT 1048576 MINEXTENTS 1 MAXEXTENTS 2147483645
  PCTINCREASE 0 FREELISTS 1 FREELIST GROUPS 1
  BUFFER_POOL DEFAULT FLASH_CACHE DEFAULT CELL_FLASH_CACHE DEFAULT)
  TABLESPACE "USERS" ;
--------------------------------------------------------
--  DDL for Sequence ADMIN_ID_SEQ
--------------------------------------------------------

   CREATE SEQUENCE  "CATJI"."ADMIN_ID_SEQ"  MINVALUE 1 MAXVALUE 9999999999999999999999999999 INCREMENT BY 1 START WITH 1 CACHE 20 NOORDER  NOCYCLE  NOKEEP  NOSCALE  GLOBAL ;
--------------------------------------------------------
--  DDL for Sequence BCID_SEQ
--------------------------------------------------------

   CREATE SEQUENCE  "CATJI"."BCID_SEQ"  MINVALUE 1 MAXVALUE 9999999999999999999999999999 INCREMENT BY 1 START WITH 1 CACHE 20 NOORDER  NOCYCLE  NOKEEP  NOSCALE  GLOBAL ;
--------------------------------------------------------
--  DDL for Sequence BID_SEQ
--------------------------------------------------------

   CREATE SEQUENCE  "CATJI"."BID_SEQ"  MINVALUE 1 MAXVALUE 9999999999999999999999999999 INCREMENT BY 1 START WITH 1 CACHE 20 NOORDER  NOCYCLE  NOKEEP  NOSCALE  GLOBAL ;
--------------------------------------------------------
--  DDL for Sequence BRID_SEQ
--------------------------------------------------------

   CREATE SEQUENCE  "CATJI"."BRID_SEQ"  MINVALUE 1 MAXVALUE 9999999999999999999999999999 INCREMENT BY 1 START WITH 1 CACHE 20 NOORDER  NOCYCLE  NOKEEP  NOSCALE  GLOBAL ;
--------------------------------------------------------
--  DDL for Sequence MID_SEQ
--------------------------------------------------------

   CREATE SEQUENCE  "CATJI"."MID_SEQ"  MINVALUE 1 MAXVALUE 9999999999999999999999999999 INCREMENT BY 1 START WITH 1 CACHE 20 NOORDER  NOCYCLE  NOKEEP  NOSCALE  GLOBAL ;
--------------------------------------------------------
--  DDL for Sequence TAG_ID_SEQ
--------------------------------------------------------

   CREATE SEQUENCE  "CATJI"."TAG_ID_SEQ"  MINVALUE 1 MAXVALUE 9999999999999999999999999999 INCREMENT BY 1 START WITH 1 CACHE 20 NOORDER  NOCYCLE  NOKEEP  NOSCALE  GLOBAL ;
--------------------------------------------------------
--  DDL for Sequence USID_SEQ
--------------------------------------------------------

   CREATE SEQUENCE  "CATJI"."USID_SEQ"  MINVALUE 1 MAXVALUE 9999999999999999999999999999 INCREMENT BY 1 START WITH 21 CACHE 20 NOORDER  NOCYCLE  NOKEEP  NOSCALE  GLOBAL ;
--------------------------------------------------------
--  DDL for Sequence VCID_SEQ
--------------------------------------------------------

   CREATE SEQUENCE  "CATJI"."VCID_SEQ"  MINVALUE 1 MAXVALUE 9999999999999999999999999999 INCREMENT BY 1 START WITH 1 CACHE 20 NOORDER  NOCYCLE  NOKEEP  NOSCALE  GLOBAL ;
--------------------------------------------------------
--  DDL for Sequence VID_SEQ
--------------------------------------------------------

   CREATE SEQUENCE  "CATJI"."VID_SEQ"  MINVALUE 1 MAXVALUE 9999999999999999999999999999 INCREMENT BY 1 START WITH 1 CACHE 20 NOORDER  NOCYCLE  NOKEEP  NOSCALE  GLOBAL ;
--------------------------------------------------------
--  DDL for Sequence VRID_SEQ
--------------------------------------------------------

   CREATE SEQUENCE  "CATJI"."VRID_SEQ"  MINVALUE 1 MAXVALUE 9999999999999999999999999999 INCREMENT BY 1 START WITH 1 CACHE 20 NOORDER  NOCYCLE  NOKEEP  NOSCALE  GLOBAL ;
REM INSERTING into CATJI.ADMIN
SET DEFINE OFF;
Insert into CATJI.ADMIN (ADMIN_ID,EMAIL,TEL,NICKNAME,PASSWORD,GENDER,AVATAR,CREATE_TIME) values (100001,'1001@tong.edu.cn','10001','Tom','123456','1','./',to_date('07-8月 -20','DD-MON-RR'));
Insert into CATJI.ADMIN (ADMIN_ID,EMAIL,TEL,NICKNAME,PASSWORD,GENDER,AVATAR,CREATE_TIME) values (100002,'1002@tong.edu.cn','10002','Jerry','123456','1','./',to_date('01-8月 -20','DD-MON-RR'));
Insert into CATJI.ADMIN (ADMIN_ID,EMAIL,TEL,NICKNAME,PASSWORD,GENDER,AVATAR,CREATE_TIME) values (100003,'1003@tong.edu.cn','10003','Maria','123456','0','./',to_date('04-8月 -20','DD-MON-RR'));
Insert into CATJI.ADMIN (ADMIN_ID,EMAIL,TEL,NICKNAME,PASSWORD,GENDER,AVATAR,CREATE_TIME) values (100004,'1004@tong.edu.cn','10004','John','123456','1','./',to_date('03-8月 -20','DD-MON-RR'));
Insert into CATJI.ADMIN (ADMIN_ID,EMAIL,TEL,NICKNAME,PASSWORD,GENDER,AVATAR,CREATE_TIME) values (100005,'1005@tong.edu.cn','10005','Eva','123456','0','./',to_date('01-8月 -20','DD-MON-RR'));
REM INSERTING into CATJI.BLOCK
SET DEFINE OFF;
Insert into CATJI.BLOCK (USID,BLOCK_USID) values (200003,200002);
Insert into CATJI.BLOCK (USID,BLOCK_USID) values (200001,200004);
REM INSERTING into CATJI.BLOG
SET DEFINE OFF;
Insert into CATJI.BLOG (BID,CONTENT,USID,CREATE_TIME,LIKE_NUM,IS_PUBLIC,COMMENT_NUM,TRANSMIT_NUM) values (400001,'好漂亮的猫啊！',200001,to_date('13-8月 -20','DD-MON-RR'),1,1,1,0);
Insert into CATJI.BLOG (BID,CONTENT,USID,CREATE_TIME,LIKE_NUM,IS_PUBLIC,COMMENT_NUM,TRANSMIT_NUM) values (400002,'果然是撒娇的猫咪最好命哦',200004,to_date('20-8月 -20','DD-MON-RR'),1,1,1,0);
Insert into CATJI.BLOG (BID,CONTENT,USID,CREATE_TIME,LIKE_NUM,IS_PUBLIC,COMMENT_NUM,TRANSMIT_NUM) values (400003,'我觉着我可以天天走路去撸猫猫了，同济离我还是很近的',200002,to_date('09-8月 -20','DD-MON-RR'),1,0,0,0);
Insert into CATJI.BLOG (BID,CONTENT,USID,CREATE_TIME,LIKE_NUM,IS_PUBLIC,COMMENT_NUM,TRANSMIT_NUM) values (400004,'好亲人的小宝贝呀',200003,to_date('15-8月 -20','DD-MON-RR'),0,1,0,0);
REM INSERTING into CATJI.BLOGCOMMENT
SET DEFINE OFF;
Insert into CATJI.BLOGCOMMENT (BCID,USID,BID,CONTENT,REPLY_BCID,CREATE_TIME,LIKE_NUM,PARENT_BCID) values (600001,200004,400001,'长得好俊俏',null,to_date('07-8月 -20','DD-MON-RR'),1,null);
Insert into CATJI.BLOGCOMMENT (BCID,USID,BID,CONTENT,REPLY_BCID,CREATE_TIME,LIKE_NUM,PARENT_BCID) values (600002,200003,400002,'和我家的一毛一样',null,to_date('12-8月 -20','DD-MON-RR'),2,null);
REM INSERTING into CATJI.BLOGIMAGE
SET DEFINE OFF;
Insert into CATJI.BLOGIMAGE (IMG_URL,BID) values ('./1',400001);
Insert into CATJI.BLOGIMAGE (IMG_URL,BID) values ('./2',400004);
REM INSERTING into CATJI.CAT
SET DEFINE OFF;
Insert into CATJI.CAT (CAT_ID,USID,NAME,DESCRIPTION,BANNER) values (30001,null,'大黄','通体金黄','./');
Insert into CATJI.CAT (CAT_ID,USID,NAME,DESCRIPTION,BANNER) values (30003,null,'哞哞','奶牛色','./');
Insert into CATJI.CAT (CAT_ID,USID,NAME,DESCRIPTION,BANNER) values (30002,200003,'小黑','典雅黑（doge）','./');
REM INSERTING into CATJI.FAVORITE
SET DEFINE OFF;
Insert into CATJI.FAVORITE (USID,VID) values (200001,500003);
Insert into CATJI.FAVORITE (USID,VID) values (200004,500001);
REM INSERTING into CATJI.FOLLOW
SET DEFINE OFF;
Insert into CATJI.FOLLOW (USID,FOLLOW_USID) values (200001,200003);
Insert into CATJI.FOLLOW (USID,FOLLOW_USID) values (200002,200001);
Insert into CATJI.FOLLOW (USID,FOLLOW_USID) values (200003,200002);
Insert into CATJI.FOLLOW (USID,FOLLOW_USID) values (200004,200003);
REM INSERTING into CATJI.LIKEBLOG
SET DEFINE OFF;
Insert into CATJI.LIKEBLOG (USID,BID) values (200001,400002);
Insert into CATJI.LIKEBLOG (USID,BID) values (200002,400003);
Insert into CATJI.LIKEBLOG (USID,BID) values (200004,400001);
REM INSERTING into CATJI.LIKEBLOGCOMMENT
SET DEFINE OFF;
Insert into CATJI.LIKEBLOGCOMMENT (USID,BCID) values (200002,600001);
Insert into CATJI.LIKEBLOGCOMMENT (USID,BCID) values (200003,600002);
Insert into CATJI.LIKEBLOGCOMMENT (USID,BCID) values (200004,600002);
REM INSERTING into CATJI.LIKEVIDEO
SET DEFINE OFF;
Insert into CATJI.LIKEVIDEO (USID,VID) values (200001,500003);
Insert into CATJI.LIKEVIDEO (USID,VID) values (200002,500001);
Insert into CATJI.LIKEVIDEO (USID,VID) values (200003,500003);
Insert into CATJI.LIKEVIDEO (USID,VID) values (200004,500002);
REM INSERTING into CATJI.LIKEVIDEOCOMMENT
SET DEFINE OFF;
Insert into CATJI.LIKEVIDEOCOMMENT (USID,VCID) values (200001,700002);
Insert into CATJI.LIKEVIDEOCOMMENT (USID,VCID) values (200003,700001);
Insert into CATJI.LIKEVIDEOCOMMENT (USID,VCID) values (200004,700003);
REM INSERTING into CATJI.MESSAGE
SET DEFINE OFF;
Insert into CATJI.MESSAGE (MID,USID,TO_USID,CONTENT,CREATE_TIME) values (800001,200001,200002,'视频内容很棒，加油！',to_date('22-8月 -20','DD-MON-RR'));
Insert into CATJI.MESSAGE (MID,USID,TO_USID,CONTENT,CREATE_TIME) values (800002,200003,200004,'视频内容很棒，加油！',to_date('22-8月 -20','DD-MON-RR'));
Insert into CATJI.MESSAGE (MID,USID,TO_USID,CONTENT,CREATE_TIME) values (800003,200004,200003,'视频内容很棒，加油！',to_date('07-8月 -20','DD-MON-RR'));
REM INSERTING into CATJI.REPORTBLOG
SET DEFINE OFF;
REM INSERTING into CATJI.REPORTVIDEO
SET DEFINE OFF;
REM INSERTING into CATJI.SEARCHHISTORY
SET DEFINE OFF;
Insert into CATJI.SEARCHHISTORY (USID,CONTENT,CREATE_TIME) values (200001,'可爱',to_timestamp('21-8月 -20 08.36.38.658000000 上午','DD-MON-RR HH.MI.SSXFF AM'));
Insert into CATJI.SEARCHHISTORY (USID,CONTENT,CREATE_TIME) values (200001,'猫咪收养',to_timestamp('22-8月 -20 08.36.51.592000000 上午','DD-MON-RR HH.MI.SSXFF AM'));
Insert into CATJI.SEARCHHISTORY (USID,CONTENT,CREATE_TIME) values (200002,'投喂',to_timestamp('10-8月 -20 08.36.54.406000000 上午','DD-MON-RR HH.MI.SSXFF AM'));
Insert into CATJI.SEARCHHISTORY (USID,CONTENT,CREATE_TIME) values (200003,'直播',to_timestamp('20-8月 -20 08.36.42.656000000 上午','DD-MON-RR HH.MI.SSXFF AM'));
Insert into CATJI.SEARCHHISTORY (USID,CONTENT,CREATE_TIME) values (200004,'哞哞',to_timestamp('07-8月 -20 08.37.01.314000000 上午','DD-MON-RR HH.MI.SSXFF AM'));
REM INSERTING into CATJI.TAG
SET DEFINE OFF;
Insert into CATJI.TAG (TAG_ID,NAME,CAT_ID) values (900001,'可爱',null);
Insert into CATJI.TAG (TAG_ID,NAME,CAT_ID) values (900002,'同济猫咪日常',null);
Insert into CATJI.TAG (TAG_ID,NAME,CAT_ID) values (900003,'同济猫咪直播',null);
REM INSERTING into CATJI.USERS
SET DEFINE OFF;
Insert into CATJI.USERS (USID,EMAIL,TEL,NICKNAME,PASSWORD,GENDER,AVATAR,CREATE_TIME,BIRTHDAY,IS_BANNED,SIGNATURE,FOLLOWER_NUM,CAT_ID,CHANGED_TIME) values (200001,'20001@qq.com','123134355','小黑','123456','1','./',to_date('01-8月 -20','DD-MON-RR'),to_date('11-6月 -20','DD-MON-RR'),0,'Love cats,love life',1,null,to_date('01-8月 -20','DD-MON-RR'));
Insert into CATJI.USERS (USID,EMAIL,TEL,NICKNAME,PASSWORD,GENDER,AVATAR,CREATE_TIME,BIRTHDAY,IS_BANNED,SIGNATURE,FOLLOWER_NUM,CAT_ID,CHANGED_TIME) values (200002,'20002@qq.com','534895784','apache','12345','1','./',to_date('03-8月 -20','DD-MON-RR'),to_date('07-8月 -20','DD-MON-RR'),0,null,1,null,to_date('03-8月 -20','DD-MON-RR'));
Insert into CATJI.USERS (USID,EMAIL,TEL,NICKNAME,PASSWORD,GENDER,AVATAR,CREATE_TIME,BIRTHDAY,IS_BANNED,SIGNATURE,FOLLOWER_NUM,CAT_ID,CHANGED_TIME) values (200003,'20003@qq.com','325462312','David','123456','1','./',to_date('05-8月 -20','DD-MON-RR'),to_date('17-2月 -98','DD-MON-RR'),0,null,2,null,to_date('05-8月 -20','DD-MON-RR'));
Insert into CATJI.USERS (USID,EMAIL,TEL,NICKNAME,PASSWORD,GENDER,AVATAR,CREATE_TIME,BIRTHDAY,IS_BANNED,SIGNATURE,FOLLOWER_NUM,CAT_ID,CHANGED_TIME) values (200004,'20004@qq.com','245346353','Alice','123456','0','./',to_date('06-8月 -20','DD-MON-RR'),to_date('20-11月-20','DD-MON-RR'),0,null,0,null,to_date('06-8月 -20','DD-MON-RR'));
Insert into CATJI.USERS (USID,EMAIL,TEL,NICKNAME,PASSWORD,GENDER,AVATAR,CREATE_TIME,BIRTHDAY,IS_BANNED,SIGNATURE,FOLLOWER_NUM,CAT_ID,CHANGED_TIME) values (42,'6324@1.com',null,'sunxc','6324ccc',null,null,to_date('22-8月 -20','DD-MON-RR'),null,0,null,0,null,to_date('22-8月 -20','DD-MON-RR'));
Insert into CATJI.USERS (USID,EMAIL,TEL,NICKNAME,PASSWORD,GENDER,AVATAR,CREATE_TIME,BIRTHDAY,IS_BANNED,SIGNATURE,FOLLOWER_NUM,CAT_ID,CHANGED_TIME) values (1,'22@qq.com','12312312345','123123','123',null,null,to_date('24-8月 -20','DD-MON-RR'),null,0,null,0,null,to_date('24-8月 -20','DD-MON-RR'));
Insert into CATJI.USERS (USID,EMAIL,TEL,NICKNAME,PASSWORD,GENDER,AVATAR,CREATE_TIME,BIRTHDAY,IS_BANNED,SIGNATURE,FOLLOWER_NUM,CAT_ID,CHANGED_TIME) values (3,'test',null,'test','test',null,null,to_date('24-8月 -20','DD-MON-RR'),null,0,null,0,null,to_date('24-8月 -20','DD-MON-RR'));
Insert into CATJI.USERS (USID,EMAIL,TEL,NICKNAME,PASSWORD,GENDER,AVATAR,CREATE_TIME,BIRTHDAY,IS_BANNED,SIGNATURE,FOLLOWER_NUM,CAT_ID,CHANGED_TIME) values (5,'123@123.123',null,'123','123',null,null,to_date('24-8月 -20','DD-MON-RR'),null,0,null,0,null,to_date('24-8月 -20','DD-MON-RR'));
REM INSERTING into CATJI.VIDEO
SET DEFINE OFF;
Insert into CATJI.VIDEO (VID,PATH,TITLE,DESCRIPTION,COVER,CREATE_TIME,TIME,USID,LIKE_NUM,FAVORITE_NUM,WATCH_NUM,IS_BANNED,COMMENT_NUM) values (21,'./Video/1234','苟利国家生死以，岂因祸福避趋之','Test','./VideoCover/1234',to_date('17-8月 -20','DD-MON-RR'),43,200002,1,0,0,0,0);
Insert into CATJI.VIDEO (VID,PATH,TITLE,DESCRIPTION,COVER,CREATE_TIME,TIME,USID,LIKE_NUM,FAVORITE_NUM,WATCH_NUM,IS_BANNED,COMMENT_NUM) values (500001,'./Video/1','帅气学长带你校园云撸猫','昨天还是直播了！预告什么的随便看看就好了','./VideoCover/1',to_date('13-8月 -20','DD-MON-RR'),276,200001,1,1,0,0,1);
Insert into CATJI.VIDEO (VID,PATH,TITLE,DESCRIPTION,COVER,CREATE_TIME,TIME,USID,LIKE_NUM,FAVORITE_NUM,WATCH_NUM,IS_BANNED,COMMENT_NUM) values (500002,'./Video/2','虎皮狸花猫找家啦！一伸手就蹭非常亲人！','你的小可爱在等你哦','./VideoCover/2',to_date('15-8月 -20','DD-MON-RR'),43,200002,1,0,0,0,1);
Insert into CATJI.VIDEO (VID,PATH,TITLE,DESCRIPTION,COVER,CREATE_TIME,TIME,USID,LIKE_NUM,FAVORITE_NUM,WATCH_NUM,IS_BANNED,COMMENT_NUM) values (500003,'./Video/3','无人寝室楼下猫咪の爱恨情仇','BGM:《SCARSONG》','./VideoCover/3',to_date('22-8月 -20','DD-MON-RR'),null,200004,2,1,0,0,1);
Insert into CATJI.VIDEO (VID,PATH,TITLE,DESCRIPTION,COVER,CREATE_TIME,TIME,USID,LIKE_NUM,FAVORITE_NUM,WATCH_NUM,IS_BANNED,COMMENT_NUM) values (41,'./Video/12345','苟利国家生死以，岂因祸福避趋之','+2s','./VideoCover/12345',to_date('17-8月 -20','DD-MON-RR'),43,200002,1,0,0,0,0);
REM INSERTING into CATJI.VIDEOCOMMENT
SET DEFINE OFF;
Insert into CATJI.VIDEOCOMMENT (VCID,USID,VID,CONTENT,REPLY_VCID,CREATE_TIME,LIKE_NUM,PARENT_VCID) values (700001,200004,500001,'脾气好的花狸男孩子真的不多…有缘人快来！',null,to_date('19-8月 -20','DD-MON-RR'),1,null);
Insert into CATJI.VIDEOCOMMENT (VCID,USID,VID,CONTENT,REPLY_VCID,CREATE_TIME,LIKE_NUM,PARENT_VCID) values (700002,200002,500002,'好看！',null,to_date('26-8月 -20','DD-MON-RR'),1,null);
Insert into CATJI.VIDEOCOMMENT (VCID,USID,VID,CONTENT,REPLY_VCID,CREATE_TIME,LIKE_NUM,PARENT_VCID) values (700003,200003,500003,'这些儿童被大学生们喂的又大又圆',null,to_date('29-8月 -20','DD-MON-RR'),1,null);
REM INSERTING into CATJI.VIDEOTAG
SET DEFINE OFF;
Insert into CATJI.VIDEOTAG (VID,TAG_ID) values (500001,900003);
Insert into CATJI.VIDEOTAG (VID,TAG_ID) values (500002,900001);
Insert into CATJI.VIDEOTAG (VID,TAG_ID) values (500003,900002);
REM INSERTING into CATJI.WATCHHISTORY
SET DEFINE OFF;
Insert into CATJI.WATCHHISTORY (USID,VID,CREATE_TIME) values (200001,500002,to_timestamp('31-8月 -20 08.40.38.150000000 上午','DD-MON-RR HH.MI.SSXFF AM'));
Insert into CATJI.WATCHHISTORY (USID,VID,CREATE_TIME) values (200002,500003,to_timestamp('28-8月 -20 08.40.31.446000000 上午','DD-MON-RR HH.MI.SSXFF AM'));
Insert into CATJI.WATCHHISTORY (USID,VID,CREATE_TIME) values (200004,500001,to_timestamp('25-8月 -20 08.40.34.711000000 上午','DD-MON-RR HH.MI.SSXFF AM'));
--------------------------------------------------------
--  DDL for Index BLOCK_PK
--------------------------------------------------------

  CREATE UNIQUE INDEX "CATJI"."BLOCK_PK" ON "CATJI"."BLOCK" ("BLOCK_USID", "USID") 
  PCTFREE 10 INITRANS 2 MAXTRANS 255 COMPUTE STATISTICS 
  STORAGE(INITIAL 65536 NEXT 1048576 MINEXTENTS 1 MAXEXTENTS 2147483645
  PCTINCREASE 0 FREELISTS 1 FREELIST GROUPS 1
  BUFFER_POOL DEFAULT FLASH_CACHE DEFAULT CELL_FLASH_CACHE DEFAULT)
  TABLESPACE "USERS" ;
--------------------------------------------------------
--  DDL for Index BLOGCOMMENT_PK
--------------------------------------------------------

  CREATE UNIQUE INDEX "CATJI"."BLOGCOMMENT_PK" ON "CATJI"."BLOGCOMMENT" ("BCID") 
  PCTFREE 10 INITRANS 2 MAXTRANS 255 COMPUTE STATISTICS 
  STORAGE(INITIAL 65536 NEXT 1048576 MINEXTENTS 1 MAXEXTENTS 2147483645
  PCTINCREASE 0 FREELISTS 1 FREELIST GROUPS 1
  BUFFER_POOL DEFAULT FLASH_CACHE DEFAULT CELL_FLASH_CACHE DEFAULT)
  TABLESPACE "USERS" ;
--------------------------------------------------------
--  DDL for Index BLOGIMAGE_PK
--------------------------------------------------------

  CREATE UNIQUE INDEX "CATJI"."BLOGIMAGE_PK" ON "CATJI"."BLOGIMAGE" ("IMG_URL", "BID") 
  PCTFREE 10 INITRANS 2 MAXTRANS 255 COMPUTE STATISTICS 
  STORAGE(INITIAL 65536 NEXT 1048576 MINEXTENTS 1 MAXEXTENTS 2147483645
  PCTINCREASE 0 FREELISTS 1 FREELIST GROUPS 1
  BUFFER_POOL DEFAULT FLASH_CACHE DEFAULT CELL_FLASH_CACHE DEFAULT)
  TABLESPACE "USERS" ;
--------------------------------------------------------
--  DDL for Index BLOG_PK
--------------------------------------------------------

  CREATE UNIQUE INDEX "CATJI"."BLOG_PK" ON "CATJI"."BLOG" ("BID") 
  PCTFREE 10 INITRANS 2 MAXTRANS 255 COMPUTE STATISTICS 
  STORAGE(INITIAL 65536 NEXT 1048576 MINEXTENTS 1 MAXEXTENTS 2147483645
  PCTINCREASE 0 FREELISTS 1 FREELIST GROUPS 1
  BUFFER_POOL DEFAULT FLASH_CACHE DEFAULT CELL_FLASH_CACHE DEFAULT)
  TABLESPACE "USERS" ;
--------------------------------------------------------
--  DDL for Index CAT_PK
--------------------------------------------------------

  CREATE UNIQUE INDEX "CATJI"."CAT_PK" ON "CATJI"."CAT" ("CAT_ID") 
  PCTFREE 10 INITRANS 2 MAXTRANS 255 COMPUTE STATISTICS 
  STORAGE(INITIAL 65536 NEXT 1048576 MINEXTENTS 1 MAXEXTENTS 2147483645
  PCTINCREASE 0 FREELISTS 1 FREELIST GROUPS 1
  BUFFER_POOL DEFAULT FLASH_CACHE DEFAULT CELL_FLASH_CACHE DEFAULT)
  TABLESPACE "USERS" ;
--------------------------------------------------------
--  DDL for Index FAVORITE_PK
--------------------------------------------------------

  CREATE UNIQUE INDEX "CATJI"."FAVORITE_PK" ON "CATJI"."FAVORITE" ("USID", "VID") 
  PCTFREE 10 INITRANS 2 MAXTRANS 255 COMPUTE STATISTICS 
  STORAGE(INITIAL 65536 NEXT 1048576 MINEXTENTS 1 MAXEXTENTS 2147483645
  PCTINCREASE 0 FREELISTS 1 FREELIST GROUPS 1
  BUFFER_POOL DEFAULT FLASH_CACHE DEFAULT CELL_FLASH_CACHE DEFAULT)
  TABLESPACE "USERS" ;
--------------------------------------------------------
--  DDL for Index FOLLOW_PK
--------------------------------------------------------

  CREATE UNIQUE INDEX "CATJI"."FOLLOW_PK" ON "CATJI"."FOLLOW" ("USID", "FOLLOW_USID") 
  PCTFREE 10 INITRANS 2 MAXTRANS 255 COMPUTE STATISTICS 
  STORAGE(INITIAL 65536 NEXT 1048576 MINEXTENTS 1 MAXEXTENTS 2147483645
  PCTINCREASE 0 FREELISTS 1 FREELIST GROUPS 1
  BUFFER_POOL DEFAULT FLASH_CACHE DEFAULT CELL_FLASH_CACHE DEFAULT)
  TABLESPACE "USERS" ;
--------------------------------------------------------
--  DDL for Index LIKEBLOGCOMMENT_PK
--------------------------------------------------------

  CREATE UNIQUE INDEX "CATJI"."LIKEBLOGCOMMENT_PK" ON "CATJI"."LIKEBLOGCOMMENT" ("USID", "BCID") 
  PCTFREE 10 INITRANS 2 MAXTRANS 255 COMPUTE STATISTICS 
  STORAGE(INITIAL 65536 NEXT 1048576 MINEXTENTS 1 MAXEXTENTS 2147483645
  PCTINCREASE 0 FREELISTS 1 FREELIST GROUPS 1
  BUFFER_POOL DEFAULT FLASH_CACHE DEFAULT CELL_FLASH_CACHE DEFAULT)
  TABLESPACE "USERS" ;
--------------------------------------------------------
--  DDL for Index LIKEBLOG_PK
--------------------------------------------------------

  CREATE UNIQUE INDEX "CATJI"."LIKEBLOG_PK" ON "CATJI"."LIKEBLOG" ("USID", "BID") 
  PCTFREE 10 INITRANS 2 MAXTRANS 255 COMPUTE STATISTICS 
  STORAGE(INITIAL 65536 NEXT 1048576 MINEXTENTS 1 MAXEXTENTS 2147483645
  PCTINCREASE 0 FREELISTS 1 FREELIST GROUPS 1
  BUFFER_POOL DEFAULT FLASH_CACHE DEFAULT CELL_FLASH_CACHE DEFAULT)
  TABLESPACE "USERS" ;
--------------------------------------------------------
--  DDL for Index LIKEVIDEOCOMMENT_PK
--------------------------------------------------------

  CREATE UNIQUE INDEX "CATJI"."LIKEVIDEOCOMMENT_PK" ON "CATJI"."LIKEVIDEOCOMMENT" ("USID", "VCID") 
  PCTFREE 10 INITRANS 2 MAXTRANS 255 COMPUTE STATISTICS 
  STORAGE(INITIAL 65536 NEXT 1048576 MINEXTENTS 1 MAXEXTENTS 2147483645
  PCTINCREASE 0 FREELISTS 1 FREELIST GROUPS 1
  BUFFER_POOL DEFAULT FLASH_CACHE DEFAULT CELL_FLASH_CACHE DEFAULT)
  TABLESPACE "USERS" ;
--------------------------------------------------------
--  DDL for Index LIKEVIDEO_PK
--------------------------------------------------------

  CREATE UNIQUE INDEX "CATJI"."LIKEVIDEO_PK" ON "CATJI"."LIKEVIDEO" ("USID", "VID") 
  PCTFREE 10 INITRANS 2 MAXTRANS 255 COMPUTE STATISTICS 
  STORAGE(INITIAL 65536 NEXT 1048576 MINEXTENTS 1 MAXEXTENTS 2147483645
  PCTINCREASE 0 FREELISTS 1 FREELIST GROUPS 1
  BUFFER_POOL DEFAULT FLASH_CACHE DEFAULT CELL_FLASH_CACHE DEFAULT)
  TABLESPACE "USERS" ;
--------------------------------------------------------
--  DDL for Index MESSAGE_PK
--------------------------------------------------------

  CREATE UNIQUE INDEX "CATJI"."MESSAGE_PK" ON "CATJI"."MESSAGE" ("MID") 
  PCTFREE 10 INITRANS 2 MAXTRANS 255 COMPUTE STATISTICS 
  STORAGE(INITIAL 65536 NEXT 1048576 MINEXTENTS 1 MAXEXTENTS 2147483645
  PCTINCREASE 0 FREELISTS 1 FREELIST GROUPS 1
  BUFFER_POOL DEFAULT FLASH_CACHE DEFAULT CELL_FLASH_CACHE DEFAULT)
  TABLESPACE "USERS" ;
--------------------------------------------------------
--  DDL for Index REPORTBLOG_PK
--------------------------------------------------------

  CREATE UNIQUE INDEX "CATJI"."REPORTBLOG_PK" ON "CATJI"."REPORTBLOG" ("BRID") 
  PCTFREE 10 INITRANS 2 MAXTRANS 255 COMPUTE STATISTICS 
  TABLESPACE "USERS" ;
--------------------------------------------------------
--  DDL for Index REPORTVIDEO_PK
--------------------------------------------------------

  CREATE UNIQUE INDEX "CATJI"."REPORTVIDEO_PK" ON "CATJI"."REPORTVIDEO" ("VRID") 
  PCTFREE 10 INITRANS 2 MAXTRANS 255 COMPUTE STATISTICS 
  TABLESPACE "USERS" ;
--------------------------------------------------------
--  DDL for Index SEARCHHISTORY_PK
--------------------------------------------------------

  CREATE UNIQUE INDEX "CATJI"."SEARCHHISTORY_PK" ON "CATJI"."SEARCHHISTORY" ("USID", "CONTENT", "CREATE_TIME") 
  PCTFREE 10 INITRANS 2 MAXTRANS 255 COMPUTE STATISTICS 
  STORAGE(INITIAL 65536 NEXT 1048576 MINEXTENTS 1 MAXEXTENTS 2147483645
  PCTINCREASE 0 FREELISTS 1 FREELIST GROUPS 1
  BUFFER_POOL DEFAULT FLASH_CACHE DEFAULT CELL_FLASH_CACHE DEFAULT)
  TABLESPACE "USERS" ;
--------------------------------------------------------
--  DDL for Index TAG_PK
--------------------------------------------------------

  CREATE UNIQUE INDEX "CATJI"."TAG_PK" ON "CATJI"."TAG" ("TAG_ID") 
  PCTFREE 10 INITRANS 2 MAXTRANS 255 COMPUTE STATISTICS 
  STORAGE(INITIAL 65536 NEXT 1048576 MINEXTENTS 1 MAXEXTENTS 2147483645
  PCTINCREASE 0 FREELISTS 1 FREELIST GROUPS 1
  BUFFER_POOL DEFAULT FLASH_CACHE DEFAULT CELL_FLASH_CACHE DEFAULT)
  TABLESPACE "USERS" ;
--------------------------------------------------------
--  DDL for Index TAG__UN_NAME
--------------------------------------------------------

  CREATE UNIQUE INDEX "CATJI"."TAG__UN_NAME" ON "CATJI"."TAG" ("NAME") 
  PCTFREE 10 INITRANS 2 MAXTRANS 255 COMPUTE STATISTICS 
  STORAGE(INITIAL 65536 NEXT 1048576 MINEXTENTS 1 MAXEXTENTS 2147483645
  PCTINCREASE 0 FREELISTS 1 FREELIST GROUPS 1
  BUFFER_POOL DEFAULT FLASH_CACHE DEFAULT CELL_FLASH_CACHE DEFAULT)
  TABLESPACE "USERS" ;
--------------------------------------------------------
--  DDL for Index USERS_PK
--------------------------------------------------------

  CREATE UNIQUE INDEX "CATJI"."USERS_PK" ON "CATJI"."USERS" ("USID") 
  PCTFREE 10 INITRANS 2 MAXTRANS 255 COMPUTE STATISTICS 
  STORAGE(INITIAL 65536 NEXT 1048576 MINEXTENTS 1 MAXEXTENTS 2147483645
  PCTINCREASE 0 FREELISTS 1 FREELIST GROUPS 1
  BUFFER_POOL DEFAULT FLASH_CACHE DEFAULT CELL_FLASH_CACHE DEFAULT)
  TABLESPACE "USERS" ;
--------------------------------------------------------
--  DDL for Index USERS__UN_EMAIL
--------------------------------------------------------

  CREATE UNIQUE INDEX "CATJI"."USERS__UN_EMAIL" ON "CATJI"."USERS" ("EMAIL") 
  PCTFREE 10 INITRANS 2 MAXTRANS 255 COMPUTE STATISTICS 
  STORAGE(INITIAL 65536 NEXT 1048576 MINEXTENTS 1 MAXEXTENTS 2147483645
  PCTINCREASE 0 FREELISTS 1 FREELIST GROUPS 1
  BUFFER_POOL DEFAULT FLASH_CACHE DEFAULT CELL_FLASH_CACHE DEFAULT)
  TABLESPACE "USERS" ;
--------------------------------------------------------
--  DDL for Index USERS__UN_NICKNAME
--------------------------------------------------------

  CREATE UNIQUE INDEX "CATJI"."USERS__UN_NICKNAME" ON "CATJI"."USERS" ("NICKNAME") 
  PCTFREE 10 INITRANS 2 MAXTRANS 255 COMPUTE STATISTICS 
  STORAGE(INITIAL 65536 NEXT 1048576 MINEXTENTS 1 MAXEXTENTS 2147483645
  PCTINCREASE 0 FREELISTS 1 FREELIST GROUPS 1
  BUFFER_POOL DEFAULT FLASH_CACHE DEFAULT CELL_FLASH_CACHE DEFAULT)
  TABLESPACE "USERS" ;
--------------------------------------------------------
--  DDL for Index USERS__UN_TEL
--------------------------------------------------------

  CREATE UNIQUE INDEX "CATJI"."USERS__UN_TEL" ON "CATJI"."USERS" ("TEL") 
  PCTFREE 10 INITRANS 2 MAXTRANS 255 COMPUTE STATISTICS 
  STORAGE(INITIAL 65536 NEXT 1048576 MINEXTENTS 1 MAXEXTENTS 2147483645
  PCTINCREASE 0 FREELISTS 1 FREELIST GROUPS 1
  BUFFER_POOL DEFAULT FLASH_CACHE DEFAULT CELL_FLASH_CACHE DEFAULT)
  TABLESPACE "USERS" ;
--------------------------------------------------------
--  DDL for Index USERV1_EMAIL_UN
--------------------------------------------------------

  CREATE UNIQUE INDEX "CATJI"."USERV1_EMAIL_UN" ON "CATJI"."ADMIN" ("EMAIL") 
  PCTFREE 10 INITRANS 2 MAXTRANS 255 COMPUTE STATISTICS 
  STORAGE(INITIAL 65536 NEXT 1048576 MINEXTENTS 1 MAXEXTENTS 2147483645
  PCTINCREASE 0 FREELISTS 1 FREELIST GROUPS 1
  BUFFER_POOL DEFAULT FLASH_CACHE DEFAULT CELL_FLASH_CACHE DEFAULT)
  TABLESPACE "USERS" ;
--------------------------------------------------------
--  DDL for Index USERV1_NICKNAME_UN
--------------------------------------------------------

  CREATE UNIQUE INDEX "CATJI"."USERV1_NICKNAME_UN" ON "CATJI"."ADMIN" ("NICKNAME") 
  PCTFREE 10 INITRANS 2 MAXTRANS 255 COMPUTE STATISTICS 
  STORAGE(INITIAL 65536 NEXT 1048576 MINEXTENTS 1 MAXEXTENTS 2147483645
  PCTINCREASE 0 FREELISTS 1 FREELIST GROUPS 1
  BUFFER_POOL DEFAULT FLASH_CACHE DEFAULT CELL_FLASH_CACHE DEFAULT)
  TABLESPACE "USERS" ;
--------------------------------------------------------
--  DDL for Index USERV1_PK
--------------------------------------------------------

  CREATE UNIQUE INDEX "CATJI"."USERV1_PK" ON "CATJI"."ADMIN" ("ADMIN_ID") 
  PCTFREE 10 INITRANS 2 MAXTRANS 255 COMPUTE STATISTICS 
  STORAGE(INITIAL 65536 NEXT 1048576 MINEXTENTS 1 MAXEXTENTS 2147483645
  PCTINCREASE 0 FREELISTS 1 FREELIST GROUPS 1
  BUFFER_POOL DEFAULT FLASH_CACHE DEFAULT CELL_FLASH_CACHE DEFAULT)
  TABLESPACE "USERS" ;
--------------------------------------------------------
--  DDL for Index USERV1_TEL_UN
--------------------------------------------------------

  CREATE UNIQUE INDEX "CATJI"."USERV1_TEL_UN" ON "CATJI"."ADMIN" ("TEL") 
  PCTFREE 10 INITRANS 2 MAXTRANS 255 COMPUTE STATISTICS 
  STORAGE(INITIAL 65536 NEXT 1048576 MINEXTENTS 1 MAXEXTENTS 2147483645
  PCTINCREASE 0 FREELISTS 1 FREELIST GROUPS 1
  BUFFER_POOL DEFAULT FLASH_CACHE DEFAULT CELL_FLASH_CACHE DEFAULT)
  TABLESPACE "USERS" ;
--------------------------------------------------------
--  DDL for Index VIDEOCOMMENT_PK
--------------------------------------------------------

  CREATE UNIQUE INDEX "CATJI"."VIDEOCOMMENT_PK" ON "CATJI"."VIDEOCOMMENT" ("VCID") 
  PCTFREE 10 INITRANS 2 MAXTRANS 255 COMPUTE STATISTICS 
  STORAGE(INITIAL 65536 NEXT 1048576 MINEXTENTS 1 MAXEXTENTS 2147483645
  PCTINCREASE 0 FREELISTS 1 FREELIST GROUPS 1
  BUFFER_POOL DEFAULT FLASH_CACHE DEFAULT CELL_FLASH_CACHE DEFAULT)
  TABLESPACE "USERS" ;
--------------------------------------------------------
--  DDL for Index VIDEOTAG_PK
--------------------------------------------------------

  CREATE UNIQUE INDEX "CATJI"."VIDEOTAG_PK" ON "CATJI"."VIDEOTAG" ("VID", "TAG_ID") 
  PCTFREE 10 INITRANS 2 MAXTRANS 255 COMPUTE STATISTICS 
  STORAGE(INITIAL 65536 NEXT 1048576 MINEXTENTS 1 MAXEXTENTS 2147483645
  PCTINCREASE 0 FREELISTS 1 FREELIST GROUPS 1
  BUFFER_POOL DEFAULT FLASH_CACHE DEFAULT CELL_FLASH_CACHE DEFAULT)
  TABLESPACE "USERS" ;
--------------------------------------------------------
--  DDL for Index VIDEO_PK
--------------------------------------------------------

  CREATE UNIQUE INDEX "CATJI"."VIDEO_PK" ON "CATJI"."VIDEO" ("VID") 
  PCTFREE 10 INITRANS 2 MAXTRANS 255 COMPUTE STATISTICS 
  STORAGE(INITIAL 65536 NEXT 1048576 MINEXTENTS 1 MAXEXTENTS 2147483645
  PCTINCREASE 0 FREELISTS 1 FREELIST GROUPS 1
  BUFFER_POOL DEFAULT FLASH_CACHE DEFAULT CELL_FLASH_CACHE DEFAULT)
  TABLESPACE "USERS" ;
--------------------------------------------------------
--  DDL for Index VIDEO__UN_PATH
--------------------------------------------------------

  CREATE UNIQUE INDEX "CATJI"."VIDEO__UN_PATH" ON "CATJI"."VIDEO" ("PATH") 
  PCTFREE 10 INITRANS 2 MAXTRANS 255 COMPUTE STATISTICS 
  STORAGE(INITIAL 65536 NEXT 1048576 MINEXTENTS 1 MAXEXTENTS 2147483645
  PCTINCREASE 0 FREELISTS 1 FREELIST GROUPS 1
  BUFFER_POOL DEFAULT FLASH_CACHE DEFAULT CELL_FLASH_CACHE DEFAULT)
  TABLESPACE "USERS" ;
--------------------------------------------------------
--  DDL for Index WATCHHISTORY_PK
--------------------------------------------------------

  CREATE UNIQUE INDEX "CATJI"."WATCHHISTORY_PK" ON "CATJI"."WATCHHISTORY" ("USID", "VID", "CREATE_TIME") 
  PCTFREE 10 INITRANS 2 MAXTRANS 255 COMPUTE STATISTICS 
  STORAGE(INITIAL 65536 NEXT 1048576 MINEXTENTS 1 MAXEXTENTS 2147483645
  PCTINCREASE 0 FREELISTS 1 FREELIST GROUPS 1
  BUFFER_POOL DEFAULT FLASH_CACHE DEFAULT CELL_FLASH_CACHE DEFAULT)
  TABLESPACE "USERS" ;
--------------------------------------------------------
--  DDL for Trigger T_ADMIN_IN
--------------------------------------------------------

  CREATE OR REPLACE NONEDITIONABLE TRIGGER "CATJI"."T_ADMIN_IN" 
	before insert
	on ADMIN
	for each row
begin
    select ADMIN_ID_SEQ.nextval into :new.ADMIN_ID from dual;
end;
/
ALTER TRIGGER "CATJI"."T_ADMIN_IN" ENABLE;
--------------------------------------------------------
--  DDL for Trigger T_BLOGCOMMENT_IN
--------------------------------------------------------

  CREATE OR REPLACE NONEDITIONABLE TRIGGER "CATJI"."T_BLOGCOMMENT_IN" 
	before insert
	on BLOGCOMMENT
	for each row
begin
    select BCID_SEQ.nextval into :new.BCID from dual;
end;
/
ALTER TRIGGER "CATJI"."T_BLOGCOMMENT_IN" ENABLE;
--------------------------------------------------------
--  DDL for Trigger T_BLOGCOMMENT_LIKE
--------------------------------------------------------

  CREATE OR REPLACE NONEDITIONABLE TRIGGER "CATJI"."T_BLOGCOMMENT_LIKE" 
	after insert
	on LIKEBLOGCOMMENT
	for each row
begin
    update BLOGCOMMENT BC set BC.LIKE_NUM=BC.LIKE_NUM + 1 where :new.BCID = BC.BCID;
end;
/
ALTER TRIGGER "CATJI"."T_BLOGCOMMENT_LIKE" ENABLE;
--------------------------------------------------------
--  DDL for Trigger T_BLOGCOMMENT_UNLIKE
--------------------------------------------------------

  CREATE OR REPLACE NONEDITIONABLE TRIGGER "CATJI"."T_BLOGCOMMENT_UNLIKE" 
	after delete
	on LIKEBLOGCOMMENT
	for each row
begin
    update BLOGCOMMENT BC set BC.LIKE_NUM=BC.LIKE_NUM - 1 where :old.BCID = BC.BCID;
end;
/
ALTER TRIGGER "CATJI"."T_BLOGCOMMENT_UNLIKE" ENABLE;
--------------------------------------------------------
--  DDL for Trigger T_BLOG_COMMENT
--------------------------------------------------------

  CREATE OR REPLACE NONEDITIONABLE TRIGGER "CATJI"."T_BLOG_COMMENT" 
	after insert
	on BLOGCOMMENT
	for each row
begin
    update BLOG B set B.COMMENT_NUM=B.COMMENT_NUM + 1 where :new.BID = B.BID;
end;
/
ALTER TRIGGER "CATJI"."T_BLOG_COMMENT" ENABLE;
--------------------------------------------------------
--  DDL for Trigger T_BLOG_IN
--------------------------------------------------------

  CREATE OR REPLACE NONEDITIONABLE TRIGGER "CATJI"."T_BLOG_IN" 
	before insert
	on BLOG
	for each row
begin
    select BID_SEQ.nextval into :new.BID from dual;
end;
/
ALTER TRIGGER "CATJI"."T_BLOG_IN" ENABLE;
--------------------------------------------------------
--  DDL for Trigger T_BLOG_LIKE
--------------------------------------------------------

  CREATE OR REPLACE NONEDITIONABLE TRIGGER "CATJI"."T_BLOG_LIKE" 
	after insert
	on LIKEBLOG
	for each row
begin
    update BLOG B set B.LIKE_NUM=B.LIKE_NUM + 1 where :new.BID = B.BID;
end;
/
ALTER TRIGGER "CATJI"."T_BLOG_LIKE" ENABLE;
--------------------------------------------------------
--  DDL for Trigger T_BLOG_UNCOMMENT
--------------------------------------------------------

  CREATE OR REPLACE NONEDITIONABLE TRIGGER "CATJI"."T_BLOG_UNCOMMENT" 
	after delete
	on BLOGCOMMENT
	for each row
begin
    update BLOG B set B.COMMENT_NUM=B.COMMENT_NUM - 1 where :old.BID = B.BID;
end;
/
ALTER TRIGGER "CATJI"."T_BLOG_UNCOMMENT" ENABLE;
--------------------------------------------------------
--  DDL for Trigger T_BLOG_UNLIKE
--------------------------------------------------------

  CREATE OR REPLACE NONEDITIONABLE TRIGGER "CATJI"."T_BLOG_UNLIKE" 
	after delete
	on LIKEBLOG
	for each row
begin
    update BLOG B set B.LIKE_NUM=B.LIKE_NUM - 1 where :old.BID = B.BID;
end;
/
ALTER TRIGGER "CATJI"."T_BLOG_UNLIKE" ENABLE;
--------------------------------------------------------
--  DDL for Trigger T_MESSAGE_IN
--------------------------------------------------------

  CREATE OR REPLACE NONEDITIONABLE TRIGGER "CATJI"."T_MESSAGE_IN" 
	before insert
	on MESSAGE
	for each row
begin
    select MID_SEQ.nextval into :new.MID from dual;
end;
/
ALTER TRIGGER "CATJI"."T_MESSAGE_IN" ENABLE;
--------------------------------------------------------
--  DDL for Trigger T_REPORTBLOG_IN
--------------------------------------------------------

  CREATE OR REPLACE NONEDITIONABLE TRIGGER "CATJI"."T_REPORTBLOG_IN" 
	before insert
	on REPORTBLOG
	for each row
begin
    select BRID_SEQ.nextval into :new.BRID from dual;
end;
/
ALTER TRIGGER "CATJI"."T_REPORTBLOG_IN" ENABLE;
--------------------------------------------------------
--  DDL for Trigger T_REPORTVIDEO_IN
--------------------------------------------------------

  CREATE OR REPLACE NONEDITIONABLE TRIGGER "CATJI"."T_REPORTVIDEO_IN" 
	before insert
	on REPORTVIDEO
	for each row
begin
    select VRID_SEQ.nextval into :new.VRID from dual;
end;
/
ALTER TRIGGER "CATJI"."T_REPORTVIDEO_IN" ENABLE;
--------------------------------------------------------
--  DDL for Trigger T_TAG_IN
--------------------------------------------------------

  CREATE OR REPLACE NONEDITIONABLE TRIGGER "CATJI"."T_TAG_IN" 
	before insert
	on TAG
	for each row
begin
    select TAG_ID_SEQ.nextval into :new.TAG_ID from dual;
end;
/
ALTER TRIGGER "CATJI"."T_TAG_IN" ENABLE;
--------------------------------------------------------
--  DDL for Trigger T_USERS_IN
--------------------------------------------------------

  CREATE OR REPLACE NONEDITIONABLE TRIGGER "CATJI"."T_USERS_IN" 
    before insert
    on USERS
    for each row
begin
    select USID_SEQ.nextval into :new.USID from dual;
end;
/
ALTER TRIGGER "CATJI"."T_USERS_IN" ENABLE;
--------------------------------------------------------
--  DDL for Trigger T_USER_FOLLOW
--------------------------------------------------------

  CREATE OR REPLACE NONEDITIONABLE TRIGGER "CATJI"."T_USER_FOLLOW" 
	after insert
	on FOLLOW
	for each row
begin
    update USERS U set U.FOLLOWER_NUM=U.FOLLOWER_NUM + 1 where :new.FOLLOW_USID = U.USID;
end;
/
ALTER TRIGGER "CATJI"."T_USER_FOLLOW" ENABLE;
--------------------------------------------------------
--  DDL for Trigger T_USER_UNFOLLOW
--------------------------------------------------------

  CREATE OR REPLACE NONEDITIONABLE TRIGGER "CATJI"."T_USER_UNFOLLOW" 
	after delete
	on FOLLOW
	for each row
begin
    update USERS U set U.FOLLOWER_NUM=U.FOLLOWER_NUM - 1 where :old.FOLLOW_USID = U.USID;
end;
/
ALTER TRIGGER "CATJI"."T_USER_UNFOLLOW" ENABLE;
--------------------------------------------------------
--  DDL for Trigger T_VIDEOCOMMENT_IN
--------------------------------------------------------

  CREATE OR REPLACE NONEDITIONABLE TRIGGER "CATJI"."T_VIDEOCOMMENT_IN" 
	before insert
	on VIDEOCOMMENT
	for each row
begin
    select VCID_SEQ.nextval into :new.VCID from dual;
end;
/
ALTER TRIGGER "CATJI"."T_VIDEOCOMMENT_IN" ENABLE;
--------------------------------------------------------
--  DDL for Trigger T_VIDEOCOMMENT_LIKE
--------------------------------------------------------

  CREATE OR REPLACE NONEDITIONABLE TRIGGER "CATJI"."T_VIDEOCOMMENT_LIKE" 
	after insert
	on LIKEVIDEOCOMMENT
	for each row
begin
    update VIDEOCOMMENT VC set VC.LIKE_NUM=VC.LIKE_NUM + 1 where :new.VCID = VC.VCID;
end;
/
ALTER TRIGGER "CATJI"."T_VIDEOCOMMENT_LIKE" ENABLE;
--------------------------------------------------------
--  DDL for Trigger T_VIDEOCOMMENT_UNLIKE
--------------------------------------------------------

  CREATE OR REPLACE NONEDITIONABLE TRIGGER "CATJI"."T_VIDEOCOMMENT_UNLIKE" 
	after delete
	on LIKEVIDEOCOMMENT
	for each row
begin
    update VIDEOCOMMENT VC set VC.LIKE_NUM=VC.LIKE_NUM - 1 where :old.VCID = VC.VCID;
end;
/
ALTER TRIGGER "CATJI"."T_VIDEOCOMMENT_UNLIKE" ENABLE;
--------------------------------------------------------
--  DDL for Trigger T_VIDEO_COMMENT
--------------------------------------------------------

  CREATE OR REPLACE NONEDITIONABLE TRIGGER "CATJI"."T_VIDEO_COMMENT" 
	after insert
	on VIDEOCOMMENT
	for each row
begin
    update VIDEO V set V.COMMENT_NUM=V.COMMENT_NUM + 1 where :new.VID = V.VID;
end;
/
ALTER TRIGGER "CATJI"."T_VIDEO_COMMENT" ENABLE;
--------------------------------------------------------
--  DDL for Trigger T_VIDEO_FAV
--------------------------------------------------------

  CREATE OR REPLACE NONEDITIONABLE TRIGGER "CATJI"."T_VIDEO_FAV" 
	after insert
	on FAVORITE
	for each row
begin
    update VIDEO V set V.FAVORITE_NUM=V.FAVORITE_NUM + 1 where :new.VID = V.VID;
end;
/
ALTER TRIGGER "CATJI"."T_VIDEO_FAV" ENABLE;
--------------------------------------------------------
--  DDL for Trigger T_VIDEO_IN
--------------------------------------------------------

  CREATE OR REPLACE NONEDITIONABLE TRIGGER "CATJI"."T_VIDEO_IN" 
	before insert
	on VIDEO
	for each row
begin
    select VID_SEQ.nextval into :new.VID from dual;
end;
/
ALTER TRIGGER "CATJI"."T_VIDEO_IN" ENABLE;
--------------------------------------------------------
--  DDL for Trigger T_VIDEO_LIKE
--------------------------------------------------------

  CREATE OR REPLACE NONEDITIONABLE TRIGGER "CATJI"."T_VIDEO_LIKE" 
	after insert
	on LIKEVIDEO
	for each row
begin
    update VIDEO V set V.LIKE_NUM=V.LIKE_NUM + 1 where :new.VID = V.VID;
end;
/
ALTER TRIGGER "CATJI"."T_VIDEO_LIKE" ENABLE;
--------------------------------------------------------
--  DDL for Trigger T_VIDEO_UNCOMMENT
--------------------------------------------------------

  CREATE OR REPLACE NONEDITIONABLE TRIGGER "CATJI"."T_VIDEO_UNCOMMENT" 
	after delete
	on VIDEOCOMMENT
	for each row
begin
    update VIDEO V set V.COMMENT_NUM=V.COMMENT_NUM - 1 where :old.VID = V.VID;
end;
/
ALTER TRIGGER "CATJI"."T_VIDEO_UNCOMMENT" ENABLE;
--------------------------------------------------------
--  DDL for Trigger T_VIDEO_UNFAV
--------------------------------------------------------

  CREATE OR REPLACE NONEDITIONABLE TRIGGER "CATJI"."T_VIDEO_UNFAV" 
	after delete
	on FAVORITE
	for each row
begin
    update VIDEO V set V.FAVORITE_NUM=V.FAVORITE_NUM - 1 where :old.VID = V.VID;
end;
/
ALTER TRIGGER "CATJI"."T_VIDEO_UNFAV" ENABLE;
--------------------------------------------------------
--  DDL for Trigger T_VIDEO_UNLIKE
--------------------------------------------------------

  CREATE OR REPLACE NONEDITIONABLE TRIGGER "CATJI"."T_VIDEO_UNLIKE" 
	after delete
	on LIKEVIDEO
	for each row
begin
    update VIDEO V set V.LIKE_NUM=V.LIKE_NUM - 1 where :old.VID = V.VID;
end;
/
ALTER TRIGGER "CATJI"."T_VIDEO_UNLIKE" ENABLE;
--------------------------------------------------------
--  Constraints for Table BLOGCOMMENT
--------------------------------------------------------

  ALTER TABLE "CATJI"."BLOGCOMMENT" MODIFY ("BCID" NOT NULL ENABLE);
  ALTER TABLE "CATJI"."BLOGCOMMENT" MODIFY ("USID" NOT NULL ENABLE);
  ALTER TABLE "CATJI"."BLOGCOMMENT" MODIFY ("BID" NOT NULL ENABLE);
  ALTER TABLE "CATJI"."BLOGCOMMENT" MODIFY ("CONTENT" NOT NULL ENABLE);
  ALTER TABLE "CATJI"."BLOGCOMMENT" MODIFY ("CREATE_TIME" NOT NULL ENABLE);
  ALTER TABLE "CATJI"."BLOGCOMMENT" MODIFY ("LIKE_NUM" NOT NULL ENABLE);
  ALTER TABLE "CATJI"."BLOGCOMMENT" ADD CONSTRAINT "BLOGCOMMENT_PK" PRIMARY KEY ("BCID")
  USING INDEX PCTFREE 10 INITRANS 2 MAXTRANS 255 COMPUTE STATISTICS 
  STORAGE(INITIAL 65536 NEXT 1048576 MINEXTENTS 1 MAXEXTENTS 2147483645
  PCTINCREASE 0 FREELISTS 1 FREELIST GROUPS 1
  BUFFER_POOL DEFAULT FLASH_CACHE DEFAULT CELL_FLASH_CACHE DEFAULT)
  TABLESPACE "USERS"  ENABLE;
--------------------------------------------------------
--  Constraints for Table USERS
--------------------------------------------------------

  ALTER TABLE "CATJI"."USERS" MODIFY ("USID" NOT NULL ENABLE);
  ALTER TABLE "CATJI"."USERS" MODIFY ("NICKNAME" NOT NULL ENABLE);
  ALTER TABLE "CATJI"."USERS" MODIFY ("PASSWORD" NOT NULL ENABLE);
  ALTER TABLE "CATJI"."USERS" MODIFY ("CREATE_TIME" NOT NULL ENABLE);
  ALTER TABLE "CATJI"."USERS" MODIFY ("FOLLOWER_NUM" NOT NULL ENABLE);
  ALTER TABLE "CATJI"."USERS" MODIFY ("CHANGED_TIME" NOT NULL ENABLE);
  ALTER TABLE "CATJI"."USERS" ADD CONSTRAINT "USERS_PK" PRIMARY KEY ("USID")
  USING INDEX PCTFREE 10 INITRANS 2 MAXTRANS 255 COMPUTE STATISTICS 
  STORAGE(INITIAL 65536 NEXT 1048576 MINEXTENTS 1 MAXEXTENTS 2147483645
  PCTINCREASE 0 FREELISTS 1 FREELIST GROUPS 1
  BUFFER_POOL DEFAULT FLASH_CACHE DEFAULT CELL_FLASH_CACHE DEFAULT)
  TABLESPACE "USERS"  ENABLE;
  ALTER TABLE "CATJI"."USERS" ADD CONSTRAINT "USERS__UN_EMAIL" UNIQUE ("EMAIL")
  USING INDEX PCTFREE 10 INITRANS 2 MAXTRANS 255 COMPUTE STATISTICS 
  STORAGE(INITIAL 65536 NEXT 1048576 MINEXTENTS 1 MAXEXTENTS 2147483645
  PCTINCREASE 0 FREELISTS 1 FREELIST GROUPS 1
  BUFFER_POOL DEFAULT FLASH_CACHE DEFAULT CELL_FLASH_CACHE DEFAULT)
  TABLESPACE "USERS"  ENABLE;
  ALTER TABLE "CATJI"."USERS" ADD CONSTRAINT "USERS__UN_TEL" UNIQUE ("TEL")
  USING INDEX PCTFREE 10 INITRANS 2 MAXTRANS 255 COMPUTE STATISTICS 
  STORAGE(INITIAL 65536 NEXT 1048576 MINEXTENTS 1 MAXEXTENTS 2147483645
  PCTINCREASE 0 FREELISTS 1 FREELIST GROUPS 1
  BUFFER_POOL DEFAULT FLASH_CACHE DEFAULT CELL_FLASH_CACHE DEFAULT)
  TABLESPACE "USERS"  ENABLE;
  ALTER TABLE "CATJI"."USERS" ADD CONSTRAINT "USERS__UN_NICKNAME" UNIQUE ("NICKNAME")
  USING INDEX PCTFREE 10 INITRANS 2 MAXTRANS 255 COMPUTE STATISTICS 
  STORAGE(INITIAL 65536 NEXT 1048576 MINEXTENTS 1 MAXEXTENTS 2147483645
  PCTINCREASE 0 FREELISTS 1 FREELIST GROUPS 1
  BUFFER_POOL DEFAULT FLASH_CACHE DEFAULT CELL_FLASH_CACHE DEFAULT)
  TABLESPACE "USERS"  ENABLE;
--------------------------------------------------------
--  Constraints for Table BLOG
--------------------------------------------------------

  ALTER TABLE "CATJI"."BLOG" MODIFY ("BID" NOT NULL ENABLE);
  ALTER TABLE "CATJI"."BLOG" MODIFY ("USID" NOT NULL ENABLE);
  ALTER TABLE "CATJI"."BLOG" MODIFY ("CREATE_TIME" NOT NULL ENABLE);
  ALTER TABLE "CATJI"."BLOG" MODIFY ("LIKE_NUM" NOT NULL ENABLE);
  ALTER TABLE "CATJI"."BLOG" MODIFY ("COMMENT_NUM" NOT NULL ENABLE);
  ALTER TABLE "CATJI"."BLOG" MODIFY ("TRANSMIT_NUM" NOT NULL ENABLE);
  ALTER TABLE "CATJI"."BLOG" ADD CONSTRAINT "BLOG_PK" PRIMARY KEY ("BID")
  USING INDEX PCTFREE 10 INITRANS 2 MAXTRANS 255 COMPUTE STATISTICS 
  STORAGE(INITIAL 65536 NEXT 1048576 MINEXTENTS 1 MAXEXTENTS 2147483645
  PCTINCREASE 0 FREELISTS 1 FREELIST GROUPS 1
  BUFFER_POOL DEFAULT FLASH_CACHE DEFAULT CELL_FLASH_CACHE DEFAULT)
  TABLESPACE "USERS"  ENABLE;
--------------------------------------------------------
--  Constraints for Table MESSAGE
--------------------------------------------------------

  ALTER TABLE "CATJI"."MESSAGE" MODIFY ("MID" NOT NULL ENABLE);
  ALTER TABLE "CATJI"."MESSAGE" MODIFY ("USID" NOT NULL ENABLE);
  ALTER TABLE "CATJI"."MESSAGE" MODIFY ("TO_USID" NOT NULL ENABLE);
  ALTER TABLE "CATJI"."MESSAGE" MODIFY ("CONTENT" NOT NULL ENABLE);
  ALTER TABLE "CATJI"."MESSAGE" MODIFY ("CREATE_TIME" NOT NULL ENABLE);
  ALTER TABLE "CATJI"."MESSAGE" ADD CONSTRAINT "MESSAGE_PK" PRIMARY KEY ("MID")
  USING INDEX PCTFREE 10 INITRANS 2 MAXTRANS 255 COMPUTE STATISTICS 
  STORAGE(INITIAL 65536 NEXT 1048576 MINEXTENTS 1 MAXEXTENTS 2147483645
  PCTINCREASE 0 FREELISTS 1 FREELIST GROUPS 1
  BUFFER_POOL DEFAULT FLASH_CACHE DEFAULT CELL_FLASH_CACHE DEFAULT)
  TABLESPACE "USERS"  ENABLE;
--------------------------------------------------------
--  Constraints for Table VIDEOCOMMENT
--------------------------------------------------------

  ALTER TABLE "CATJI"."VIDEOCOMMENT" MODIFY ("VCID" NOT NULL ENABLE);
  ALTER TABLE "CATJI"."VIDEOCOMMENT" MODIFY ("USID" NOT NULL ENABLE);
  ALTER TABLE "CATJI"."VIDEOCOMMENT" MODIFY ("VID" NOT NULL ENABLE);
  ALTER TABLE "CATJI"."VIDEOCOMMENT" MODIFY ("CONTENT" NOT NULL ENABLE);
  ALTER TABLE "CATJI"."VIDEOCOMMENT" MODIFY ("CREATE_TIME" NOT NULL ENABLE);
  ALTER TABLE "CATJI"."VIDEOCOMMENT" MODIFY ("LIKE_NUM" NOT NULL ENABLE);
  ALTER TABLE "CATJI"."VIDEOCOMMENT" ADD CONSTRAINT "VIDEOCOMMENT_PK" PRIMARY KEY ("VCID")
  USING INDEX PCTFREE 10 INITRANS 2 MAXTRANS 255 COMPUTE STATISTICS 
  STORAGE(INITIAL 65536 NEXT 1048576 MINEXTENTS 1 MAXEXTENTS 2147483645
  PCTINCREASE 0 FREELISTS 1 FREELIST GROUPS 1
  BUFFER_POOL DEFAULT FLASH_CACHE DEFAULT CELL_FLASH_CACHE DEFAULT)
  TABLESPACE "USERS"  ENABLE;
--------------------------------------------------------
--  Constraints for Table FOLLOW
--------------------------------------------------------

  ALTER TABLE "CATJI"."FOLLOW" MODIFY ("USID" NOT NULL ENABLE);
  ALTER TABLE "CATJI"."FOLLOW" MODIFY ("FOLLOW_USID" NOT NULL ENABLE);
  ALTER TABLE "CATJI"."FOLLOW" ADD CONSTRAINT "FOLLOW_PK" PRIMARY KEY ("USID", "FOLLOW_USID")
  USING INDEX PCTFREE 10 INITRANS 2 MAXTRANS 255 COMPUTE STATISTICS 
  STORAGE(INITIAL 65536 NEXT 1048576 MINEXTENTS 1 MAXEXTENTS 2147483645
  PCTINCREASE 0 FREELISTS 1 FREELIST GROUPS 1
  BUFFER_POOL DEFAULT FLASH_CACHE DEFAULT CELL_FLASH_CACHE DEFAULT)
  TABLESPACE "USERS"  ENABLE;
--------------------------------------------------------
--  Constraints for Table LIKEVIDEO
--------------------------------------------------------

  ALTER TABLE "CATJI"."LIKEVIDEO" MODIFY ("USID" NOT NULL ENABLE);
  ALTER TABLE "CATJI"."LIKEVIDEO" MODIFY ("VID" NOT NULL ENABLE);
  ALTER TABLE "CATJI"."LIKEVIDEO" ADD CONSTRAINT "LIKEVIDEO_PK" PRIMARY KEY ("USID", "VID")
  USING INDEX PCTFREE 10 INITRANS 2 MAXTRANS 255 COMPUTE STATISTICS 
  STORAGE(INITIAL 65536 NEXT 1048576 MINEXTENTS 1 MAXEXTENTS 2147483645
  PCTINCREASE 0 FREELISTS 1 FREELIST GROUPS 1
  BUFFER_POOL DEFAULT FLASH_CACHE DEFAULT CELL_FLASH_CACHE DEFAULT)
  TABLESPACE "USERS"  ENABLE;
--------------------------------------------------------
--  Constraints for Table WATCHHISTORY
--------------------------------------------------------

  ALTER TABLE "CATJI"."WATCHHISTORY" MODIFY ("USID" NOT NULL ENABLE);
  ALTER TABLE "CATJI"."WATCHHISTORY" MODIFY ("VID" NOT NULL ENABLE);
  ALTER TABLE "CATJI"."WATCHHISTORY" MODIFY ("CREATE_TIME" NOT NULL ENABLE);
  ALTER TABLE "CATJI"."WATCHHISTORY" ADD CONSTRAINT "WATCHHISTORY_PK" PRIMARY KEY ("USID", "VID", "CREATE_TIME")
  USING INDEX PCTFREE 10 INITRANS 2 MAXTRANS 255 COMPUTE STATISTICS 
  STORAGE(INITIAL 65536 NEXT 1048576 MINEXTENTS 1 MAXEXTENTS 2147483645
  PCTINCREASE 0 FREELISTS 1 FREELIST GROUPS 1
  BUFFER_POOL DEFAULT FLASH_CACHE DEFAULT CELL_FLASH_CACHE DEFAULT)
  TABLESPACE "USERS"  ENABLE;
--------------------------------------------------------
--  Constraints for Table LIKEBLOGCOMMENT
--------------------------------------------------------

  ALTER TABLE "CATJI"."LIKEBLOGCOMMENT" MODIFY ("USID" NOT NULL ENABLE);
  ALTER TABLE "CATJI"."LIKEBLOGCOMMENT" MODIFY ("BCID" NOT NULL ENABLE);
  ALTER TABLE "CATJI"."LIKEBLOGCOMMENT" ADD CONSTRAINT "LIKEBLOGCOMMENT_PK" PRIMARY KEY ("USID", "BCID")
  USING INDEX PCTFREE 10 INITRANS 2 MAXTRANS 255 COMPUTE STATISTICS 
  STORAGE(INITIAL 65536 NEXT 1048576 MINEXTENTS 1 MAXEXTENTS 2147483645
  PCTINCREASE 0 FREELISTS 1 FREELIST GROUPS 1
  BUFFER_POOL DEFAULT FLASH_CACHE DEFAULT CELL_FLASH_CACHE DEFAULT)
  TABLESPACE "USERS"  ENABLE;
--------------------------------------------------------
--  Constraints for Table SEARCHHISTORY
--------------------------------------------------------

  ALTER TABLE "CATJI"."SEARCHHISTORY" MODIFY ("USID" NOT NULL ENABLE);
  ALTER TABLE "CATJI"."SEARCHHISTORY" MODIFY ("CONTENT" NOT NULL ENABLE);
  ALTER TABLE "CATJI"."SEARCHHISTORY" MODIFY ("CREATE_TIME" NOT NULL ENABLE);
  ALTER TABLE "CATJI"."SEARCHHISTORY" ADD CONSTRAINT "SEARCHHISTORY_PK" PRIMARY KEY ("USID", "CONTENT", "CREATE_TIME")
  USING INDEX PCTFREE 10 INITRANS 2 MAXTRANS 255 COMPUTE STATISTICS 
  STORAGE(INITIAL 65536 NEXT 1048576 MINEXTENTS 1 MAXEXTENTS 2147483645
  PCTINCREASE 0 FREELISTS 1 FREELIST GROUPS 1
  BUFFER_POOL DEFAULT FLASH_CACHE DEFAULT CELL_FLASH_CACHE DEFAULT)
  TABLESPACE "USERS"  ENABLE;
--------------------------------------------------------
--  Constraints for Table VIDEOTAG
--------------------------------------------------------

  ALTER TABLE "CATJI"."VIDEOTAG" MODIFY ("VID" NOT NULL ENABLE);
  ALTER TABLE "CATJI"."VIDEOTAG" MODIFY ("TAG_ID" NOT NULL ENABLE);
  ALTER TABLE "CATJI"."VIDEOTAG" ADD CONSTRAINT "VIDEOTAG_PK" PRIMARY KEY ("VID", "TAG_ID")
  USING INDEX PCTFREE 10 INITRANS 2 MAXTRANS 255 COMPUTE STATISTICS 
  STORAGE(INITIAL 65536 NEXT 1048576 MINEXTENTS 1 MAXEXTENTS 2147483645
  PCTINCREASE 0 FREELISTS 1 FREELIST GROUPS 1
  BUFFER_POOL DEFAULT FLASH_CACHE DEFAULT CELL_FLASH_CACHE DEFAULT)
  TABLESPACE "USERS"  ENABLE;
--------------------------------------------------------
--  Constraints for Table BLOGIMAGE
--------------------------------------------------------

  ALTER TABLE "CATJI"."BLOGIMAGE" MODIFY ("IMG_URL" NOT NULL ENABLE);
  ALTER TABLE "CATJI"."BLOGIMAGE" MODIFY ("BID" NOT NULL ENABLE);
  ALTER TABLE "CATJI"."BLOGIMAGE" ADD CONSTRAINT "BLOGIMAGE_PK" PRIMARY KEY ("IMG_URL", "BID")
  USING INDEX PCTFREE 10 INITRANS 2 MAXTRANS 255 COMPUTE STATISTICS 
  STORAGE(INITIAL 65536 NEXT 1048576 MINEXTENTS 1 MAXEXTENTS 2147483645
  PCTINCREASE 0 FREELISTS 1 FREELIST GROUPS 1
  BUFFER_POOL DEFAULT FLASH_CACHE DEFAULT CELL_FLASH_CACHE DEFAULT)
  TABLESPACE "USERS"  ENABLE;
--------------------------------------------------------
--  Constraints for Table REPORTVIDEO
--------------------------------------------------------

  ALTER TABLE "CATJI"."REPORTVIDEO" MODIFY ("VRID" NOT NULL ENABLE);
  ALTER TABLE "CATJI"."REPORTVIDEO" MODIFY ("USID" NOT NULL ENABLE);
  ALTER TABLE "CATJI"."REPORTVIDEO" MODIFY ("VID" NOT NULL ENABLE);
  ALTER TABLE "CATJI"."REPORTVIDEO" MODIFY ("CREATE_TIME" NOT NULL ENABLE);
  ALTER TABLE "CATJI"."REPORTVIDEO" ADD CONSTRAINT "REPORTVIDEO_PK" PRIMARY KEY ("VRID")
  USING INDEX PCTFREE 10 INITRANS 2 MAXTRANS 255 COMPUTE STATISTICS 
  TABLESPACE "USERS"  ENABLE;
--------------------------------------------------------
--  Constraints for Table ADMIN
--------------------------------------------------------

  ALTER TABLE "CATJI"."ADMIN" MODIFY ("ADMIN_ID" NOT NULL ENABLE);
  ALTER TABLE "CATJI"."ADMIN" MODIFY ("NICKNAME" NOT NULL ENABLE);
  ALTER TABLE "CATJI"."ADMIN" MODIFY ("PASSWORD" NOT NULL ENABLE);
  ALTER TABLE "CATJI"."ADMIN" MODIFY ("CREATE_TIME" NOT NULL ENABLE);
  ALTER TABLE "CATJI"."ADMIN" ADD CONSTRAINT "USERV1_PK" PRIMARY KEY ("ADMIN_ID")
  USING INDEX PCTFREE 10 INITRANS 2 MAXTRANS 255 COMPUTE STATISTICS 
  STORAGE(INITIAL 65536 NEXT 1048576 MINEXTENTS 1 MAXEXTENTS 2147483645
  PCTINCREASE 0 FREELISTS 1 FREELIST GROUPS 1
  BUFFER_POOL DEFAULT FLASH_CACHE DEFAULT CELL_FLASH_CACHE DEFAULT)
  TABLESPACE "USERS"  ENABLE;
  ALTER TABLE "CATJI"."ADMIN" ADD CONSTRAINT "USERV1_EMAIL_UN" UNIQUE ("EMAIL")
  USING INDEX PCTFREE 10 INITRANS 2 MAXTRANS 255 COMPUTE STATISTICS 
  STORAGE(INITIAL 65536 NEXT 1048576 MINEXTENTS 1 MAXEXTENTS 2147483645
  PCTINCREASE 0 FREELISTS 1 FREELIST GROUPS 1
  BUFFER_POOL DEFAULT FLASH_CACHE DEFAULT CELL_FLASH_CACHE DEFAULT)
  TABLESPACE "USERS"  ENABLE;
  ALTER TABLE "CATJI"."ADMIN" ADD CONSTRAINT "USERV1_TEL_UN" UNIQUE ("TEL")
  USING INDEX PCTFREE 10 INITRANS 2 MAXTRANS 255 COMPUTE STATISTICS 
  STORAGE(INITIAL 65536 NEXT 1048576 MINEXTENTS 1 MAXEXTENTS 2147483645
  PCTINCREASE 0 FREELISTS 1 FREELIST GROUPS 1
  BUFFER_POOL DEFAULT FLASH_CACHE DEFAULT CELL_FLASH_CACHE DEFAULT)
  TABLESPACE "USERS"  ENABLE;
  ALTER TABLE "CATJI"."ADMIN" ADD CONSTRAINT "USERV1_NICKNAME_UN" UNIQUE ("NICKNAME")
  USING INDEX PCTFREE 10 INITRANS 2 MAXTRANS 255 COMPUTE STATISTICS 
  STORAGE(INITIAL 65536 NEXT 1048576 MINEXTENTS 1 MAXEXTENTS 2147483645
  PCTINCREASE 0 FREELISTS 1 FREELIST GROUPS 1
  BUFFER_POOL DEFAULT FLASH_CACHE DEFAULT CELL_FLASH_CACHE DEFAULT)
  TABLESPACE "USERS"  ENABLE;
--------------------------------------------------------
--  Constraints for Table LIKEVIDEOCOMMENT
--------------------------------------------------------

  ALTER TABLE "CATJI"."LIKEVIDEOCOMMENT" MODIFY ("USID" NOT NULL ENABLE);
  ALTER TABLE "CATJI"."LIKEVIDEOCOMMENT" MODIFY ("VCID" NOT NULL ENABLE);
  ALTER TABLE "CATJI"."LIKEVIDEOCOMMENT" ADD CONSTRAINT "LIKEVIDEOCOMMENT_PK" PRIMARY KEY ("USID", "VCID")
  USING INDEX PCTFREE 10 INITRANS 2 MAXTRANS 255 COMPUTE STATISTICS 
  STORAGE(INITIAL 65536 NEXT 1048576 MINEXTENTS 1 MAXEXTENTS 2147483645
  PCTINCREASE 0 FREELISTS 1 FREELIST GROUPS 1
  BUFFER_POOL DEFAULT FLASH_CACHE DEFAULT CELL_FLASH_CACHE DEFAULT)
  TABLESPACE "USERS"  ENABLE;
--------------------------------------------------------
--  Constraints for Table TAG
--------------------------------------------------------

  ALTER TABLE "CATJI"."TAG" MODIFY ("TAG_ID" NOT NULL ENABLE);
  ALTER TABLE "CATJI"."TAG" MODIFY ("NAME" NOT NULL ENABLE);
  ALTER TABLE "CATJI"."TAG" ADD CONSTRAINT "TAG_PK" PRIMARY KEY ("TAG_ID")
  USING INDEX PCTFREE 10 INITRANS 2 MAXTRANS 255 COMPUTE STATISTICS 
  STORAGE(INITIAL 65536 NEXT 1048576 MINEXTENTS 1 MAXEXTENTS 2147483645
  PCTINCREASE 0 FREELISTS 1 FREELIST GROUPS 1
  BUFFER_POOL DEFAULT FLASH_CACHE DEFAULT CELL_FLASH_CACHE DEFAULT)
  TABLESPACE "USERS"  ENABLE;
  ALTER TABLE "CATJI"."TAG" ADD CONSTRAINT "TAG__UN_NAME" UNIQUE ("NAME")
  USING INDEX PCTFREE 10 INITRANS 2 MAXTRANS 255 COMPUTE STATISTICS 
  STORAGE(INITIAL 65536 NEXT 1048576 MINEXTENTS 1 MAXEXTENTS 2147483645
  PCTINCREASE 0 FREELISTS 1 FREELIST GROUPS 1
  BUFFER_POOL DEFAULT FLASH_CACHE DEFAULT CELL_FLASH_CACHE DEFAULT)
  TABLESPACE "USERS"  ENABLE;
--------------------------------------------------------
--  Constraints for Table REPORTBLOG
--------------------------------------------------------

  ALTER TABLE "CATJI"."REPORTBLOG" MODIFY ("BRID" NOT NULL ENABLE);
  ALTER TABLE "CATJI"."REPORTBLOG" MODIFY ("USID" NOT NULL ENABLE);
  ALTER TABLE "CATJI"."REPORTBLOG" MODIFY ("BID" NOT NULL ENABLE);
  ALTER TABLE "CATJI"."REPORTBLOG" MODIFY ("CREATE_TIME" NOT NULL ENABLE);
  ALTER TABLE "CATJI"."REPORTBLOG" ADD CONSTRAINT "REPORTBLOG_PK" PRIMARY KEY ("BRID")
  USING INDEX PCTFREE 10 INITRANS 2 MAXTRANS 255 COMPUTE STATISTICS 
  TABLESPACE "USERS"  ENABLE;
--------------------------------------------------------
--  Constraints for Table CAT
--------------------------------------------------------

  ALTER TABLE "CATJI"."CAT" MODIFY ("CAT_ID" NOT NULL ENABLE);
  ALTER TABLE "CATJI"."CAT" ADD CONSTRAINT "CAT_PK" PRIMARY KEY ("CAT_ID")
  USING INDEX PCTFREE 10 INITRANS 2 MAXTRANS 255 COMPUTE STATISTICS 
  STORAGE(INITIAL 65536 NEXT 1048576 MINEXTENTS 1 MAXEXTENTS 2147483645
  PCTINCREASE 0 FREELISTS 1 FREELIST GROUPS 1
  BUFFER_POOL DEFAULT FLASH_CACHE DEFAULT CELL_FLASH_CACHE DEFAULT)
  TABLESPACE "USERS"  ENABLE;
--------------------------------------------------------
--  Constraints for Table BLOCK
--------------------------------------------------------

  ALTER TABLE "CATJI"."BLOCK" MODIFY ("USID" NOT NULL ENABLE);
  ALTER TABLE "CATJI"."BLOCK" MODIFY ("BLOCK_USID" NOT NULL ENABLE);
  ALTER TABLE "CATJI"."BLOCK" ADD CONSTRAINT "BLOCK_PK" PRIMARY KEY ("BLOCK_USID", "USID")
  USING INDEX PCTFREE 10 INITRANS 2 MAXTRANS 255 COMPUTE STATISTICS 
  STORAGE(INITIAL 65536 NEXT 1048576 MINEXTENTS 1 MAXEXTENTS 2147483645
  PCTINCREASE 0 FREELISTS 1 FREELIST GROUPS 1
  BUFFER_POOL DEFAULT FLASH_CACHE DEFAULT CELL_FLASH_CACHE DEFAULT)
  TABLESPACE "USERS"  ENABLE;
--------------------------------------------------------
--  Constraints for Table LIKEBLOG
--------------------------------------------------------

  ALTER TABLE "CATJI"."LIKEBLOG" MODIFY ("USID" NOT NULL ENABLE);
  ALTER TABLE "CATJI"."LIKEBLOG" MODIFY ("BID" NOT NULL ENABLE);
  ALTER TABLE "CATJI"."LIKEBLOG" ADD CONSTRAINT "LIKEBLOG_PK" PRIMARY KEY ("USID", "BID")
  USING INDEX PCTFREE 10 INITRANS 2 MAXTRANS 255 COMPUTE STATISTICS 
  STORAGE(INITIAL 65536 NEXT 1048576 MINEXTENTS 1 MAXEXTENTS 2147483645
  PCTINCREASE 0 FREELISTS 1 FREELIST GROUPS 1
  BUFFER_POOL DEFAULT FLASH_CACHE DEFAULT CELL_FLASH_CACHE DEFAULT)
  TABLESPACE "USERS"  ENABLE;
--------------------------------------------------------
--  Constraints for Table FAVORITE
--------------------------------------------------------

  ALTER TABLE "CATJI"."FAVORITE" MODIFY ("USID" NOT NULL ENABLE);
  ALTER TABLE "CATJI"."FAVORITE" MODIFY ("VID" NOT NULL ENABLE);
  ALTER TABLE "CATJI"."FAVORITE" ADD CONSTRAINT "FAVORITE_PK" PRIMARY KEY ("USID", "VID")
  USING INDEX PCTFREE 10 INITRANS 2 MAXTRANS 255 COMPUTE STATISTICS 
  STORAGE(INITIAL 65536 NEXT 1048576 MINEXTENTS 1 MAXEXTENTS 2147483645
  PCTINCREASE 0 FREELISTS 1 FREELIST GROUPS 1
  BUFFER_POOL DEFAULT FLASH_CACHE DEFAULT CELL_FLASH_CACHE DEFAULT)
  TABLESPACE "USERS"  ENABLE;
--------------------------------------------------------
--  Constraints for Table VIDEO
--------------------------------------------------------

  ALTER TABLE "CATJI"."VIDEO" MODIFY ("VID" NOT NULL ENABLE);
  ALTER TABLE "CATJI"."VIDEO" MODIFY ("TITLE" NOT NULL ENABLE);
  ALTER TABLE "CATJI"."VIDEO" MODIFY ("CREATE_TIME" NOT NULL ENABLE);
  ALTER TABLE "CATJI"."VIDEO" MODIFY ("USID" NOT NULL ENABLE);
  ALTER TABLE "CATJI"."VIDEO" MODIFY ("LIKE_NUM" NOT NULL ENABLE);
  ALTER TABLE "CATJI"."VIDEO" MODIFY ("FAVORITE_NUM" NOT NULL ENABLE);
  ALTER TABLE "CATJI"."VIDEO" MODIFY ("WATCH_NUM" NOT NULL ENABLE);
  ALTER TABLE "CATJI"."VIDEO" MODIFY ("COMMENT_NUM" NOT NULL ENABLE);
  ALTER TABLE "CATJI"."VIDEO" ADD CONSTRAINT "VIDEO_PK" PRIMARY KEY ("VID")
  USING INDEX PCTFREE 10 INITRANS 2 MAXTRANS 255 COMPUTE STATISTICS 
  STORAGE(INITIAL 65536 NEXT 1048576 MINEXTENTS 1 MAXEXTENTS 2147483645
  PCTINCREASE 0 FREELISTS 1 FREELIST GROUPS 1
  BUFFER_POOL DEFAULT FLASH_CACHE DEFAULT CELL_FLASH_CACHE DEFAULT)
  TABLESPACE "USERS"  ENABLE;
  ALTER TABLE "CATJI"."VIDEO" ADD CONSTRAINT "VIDEO__UN_PATH" UNIQUE ("PATH")
  USING INDEX PCTFREE 10 INITRANS 2 MAXTRANS 255 COMPUTE STATISTICS 
  STORAGE(INITIAL 65536 NEXT 1048576 MINEXTENTS 1 MAXEXTENTS 2147483645
  PCTINCREASE 0 FREELISTS 1 FREELIST GROUPS 1
  BUFFER_POOL DEFAULT FLASH_CACHE DEFAULT CELL_FLASH_CACHE DEFAULT)
  TABLESPACE "USERS"  ENABLE;
--------------------------------------------------------
--  Ref Constraints for Table BLOCK
--------------------------------------------------------

  ALTER TABLE "CATJI"."BLOCK" ADD CONSTRAINT "BLOCK_USER_FK" FOREIGN KEY ("USID")
	  REFERENCES "CATJI"."USERS" ("USID") ENABLE;
  ALTER TABLE "CATJI"."BLOCK" ADD CONSTRAINT "BLOCK_USER_FKV2" FOREIGN KEY ("BLOCK_USID")
	  REFERENCES "CATJI"."USERS" ("USID") ENABLE;
--------------------------------------------------------
--  Ref Constraints for Table BLOG
--------------------------------------------------------

  ALTER TABLE "CATJI"."BLOG" ADD CONSTRAINT "BLOG_USER_FK" FOREIGN KEY ("USID")
	  REFERENCES "CATJI"."USERS" ("USID") ENABLE;
--------------------------------------------------------
--  Ref Constraints for Table BLOGCOMMENT
--------------------------------------------------------

  ALTER TABLE "CATJI"."BLOGCOMMENT" ADD CONSTRAINT "BLOGCOMMENT_USER_FK" FOREIGN KEY ("USID")
	  REFERENCES "CATJI"."USERS" ("USID") ENABLE;
  ALTER TABLE "CATJI"."BLOGCOMMENT" ADD CONSTRAINT "BLOGCOMMENT_BLOG_FK" FOREIGN KEY ("BID")
	  REFERENCES "CATJI"."BLOG" ("BID") ENABLE;
  ALTER TABLE "CATJI"."BLOGCOMMENT" ADD CONSTRAINT "BLOGCOMMENT_BLOGCOMMENT_FK" FOREIGN KEY ("REPLY_BCID")
	  REFERENCES "CATJI"."BLOGCOMMENT" ("BCID") ENABLE;
  ALTER TABLE "CATJI"."BLOGCOMMENT" ADD CONSTRAINT "BLOGCOMMENT_BLOGCOMMENT_BCID_FK" FOREIGN KEY ("PARENT_BCID")
	  REFERENCES "CATJI"."BLOGCOMMENT" ("BCID") ON DELETE CASCADE ENABLE;
--------------------------------------------------------
--  Ref Constraints for Table BLOGIMAGE
--------------------------------------------------------

  ALTER TABLE "CATJI"."BLOGIMAGE" ADD CONSTRAINT "BLOGIMAGE_BLOG_BID_FK" FOREIGN KEY ("BID")
	  REFERENCES "CATJI"."BLOG" ("BID") ENABLE;
--------------------------------------------------------
--  Ref Constraints for Table CAT
--------------------------------------------------------

  ALTER TABLE "CATJI"."CAT" ADD CONSTRAINT "CAT_USERS_USID_FK" FOREIGN KEY ("USID")
	  REFERENCES "CATJI"."USERS" ("USID") ENABLE;
--------------------------------------------------------
--  Ref Constraints for Table FAVORITE
--------------------------------------------------------

  ALTER TABLE "CATJI"."FAVORITE" ADD CONSTRAINT "FAVORITE_USER_FK" FOREIGN KEY ("USID")
	  REFERENCES "CATJI"."USERS" ("USID") ENABLE;
  ALTER TABLE "CATJI"."FAVORITE" ADD CONSTRAINT "FAVORITE_VIDEO_FK" FOREIGN KEY ("VID")
	  REFERENCES "CATJI"."VIDEO" ("VID") ENABLE;
--------------------------------------------------------
--  Ref Constraints for Table FOLLOW
--------------------------------------------------------

  ALTER TABLE "CATJI"."FOLLOW" ADD CONSTRAINT "FOLLOW_USER_USID" FOREIGN KEY ("USID")
	  REFERENCES "CATJI"."USERS" ("USID") ENABLE;
  ALTER TABLE "CATJI"."FOLLOW" ADD CONSTRAINT "FOLLOW_USER_FUSID" FOREIGN KEY ("FOLLOW_USID")
	  REFERENCES "CATJI"."USERS" ("USID") ENABLE;
--------------------------------------------------------
--  Ref Constraints for Table LIKEBLOG
--------------------------------------------------------

  ALTER TABLE "CATJI"."LIKEBLOG" ADD CONSTRAINT "LIKEBLOG_USER_FK" FOREIGN KEY ("USID")
	  REFERENCES "CATJI"."USERS" ("USID") ENABLE;
  ALTER TABLE "CATJI"."LIKEBLOG" ADD CONSTRAINT "LIKEBLOG_BLOG_FK" FOREIGN KEY ("BID")
	  REFERENCES "CATJI"."BLOG" ("BID") ENABLE;
--------------------------------------------------------
--  Ref Constraints for Table LIKEBLOGCOMMENT
--------------------------------------------------------

  ALTER TABLE "CATJI"."LIKEBLOGCOMMENT" ADD CONSTRAINT "LIKEBLOGCOMMENT_USER_FK" FOREIGN KEY ("USID")
	  REFERENCES "CATJI"."USERS" ("USID") ENABLE;
  ALTER TABLE "CATJI"."LIKEBLOGCOMMENT" ADD CONSTRAINT "LIKEBLOGCOMMENT_FK" FOREIGN KEY ("BCID")
	  REFERENCES "CATJI"."BLOGCOMMENT" ("BCID") ENABLE;
--------------------------------------------------------
--  Ref Constraints for Table LIKEVIDEO
--------------------------------------------------------

  ALTER TABLE "CATJI"."LIKEVIDEO" ADD CONSTRAINT "LIKEVIDEO_USER_FK" FOREIGN KEY ("USID")
	  REFERENCES "CATJI"."USERS" ("USID") ENABLE;
  ALTER TABLE "CATJI"."LIKEVIDEO" ADD CONSTRAINT "LIKEVIDEO_VIDEO_FK" FOREIGN KEY ("VID")
	  REFERENCES "CATJI"."VIDEO" ("VID") ENABLE;
--------------------------------------------------------
--  Ref Constraints for Table LIKEVIDEOCOMMENT
--------------------------------------------------------

  ALTER TABLE "CATJI"."LIKEVIDEOCOMMENT" ADD CONSTRAINT "LIKEVIDEOCOMMENT_USER_FK" FOREIGN KEY ("USID")
	  REFERENCES "CATJI"."USERS" ("USID") ENABLE;
  ALTER TABLE "CATJI"."LIKEVIDEOCOMMENT" ADD CONSTRAINT "LIKEVIDEOCOMMENT_FK" FOREIGN KEY ("VCID")
	  REFERENCES "CATJI"."VIDEOCOMMENT" ("VCID") ENABLE;
--------------------------------------------------------
--  Ref Constraints for Table MESSAGE
--------------------------------------------------------

  ALTER TABLE "CATJI"."MESSAGE" ADD CONSTRAINT "MESSAGE_USER_FK" FOREIGN KEY ("USID")
	  REFERENCES "CATJI"."USERS" ("USID") ENABLE;
  ALTER TABLE "CATJI"."MESSAGE" ADD CONSTRAINT "MESSAGE_USER_FKV2" FOREIGN KEY ("TO_USID")
	  REFERENCES "CATJI"."USERS" ("USID") ENABLE;
--------------------------------------------------------
--  Ref Constraints for Table REPORTBLOG
--------------------------------------------------------

  ALTER TABLE "CATJI"."REPORTBLOG" ADD CONSTRAINT "REPORTBLOG_USER_FK" FOREIGN KEY ("USID")
	  REFERENCES "CATJI"."USERS" ("USID") ENABLE;
  ALTER TABLE "CATJI"."REPORTBLOG" ADD CONSTRAINT "REPORTBLOG_BLOG_FK" FOREIGN KEY ("BID")
	  REFERENCES "CATJI"."BLOG" ("BID") ENABLE;
  ALTER TABLE "CATJI"."REPORTBLOG" ADD CONSTRAINT "REPORTBLOG_ADMIN_FK" FOREIGN KEY ("ADMIN")
	  REFERENCES "CATJI"."ADMIN" ("ADMIN_ID") ENABLE;
--------------------------------------------------------
--  Ref Constraints for Table REPORTVIDEO
--------------------------------------------------------

  ALTER TABLE "CATJI"."REPORTVIDEO" ADD CONSTRAINT "REPORTVIDEO_USER_FK" FOREIGN KEY ("USID")
	  REFERENCES "CATJI"."USERS" ("USID") ENABLE;
  ALTER TABLE "CATJI"."REPORTVIDEO" ADD CONSTRAINT "REPORTVIDEO_VIDEO_FK" FOREIGN KEY ("VID")
	  REFERENCES "CATJI"."VIDEO" ("VID") ENABLE;
  ALTER TABLE "CATJI"."REPORTVIDEO" ADD CONSTRAINT "REPORTVIDEO_ADMIN_FK" FOREIGN KEY ("ADMIN")
	  REFERENCES "CATJI"."ADMIN" ("ADMIN_ID") ENABLE;
--------------------------------------------------------
--  Ref Constraints for Table SEARCHHISTORY
--------------------------------------------------------

  ALTER TABLE "CATJI"."SEARCHHISTORY" ADD CONSTRAINT "SEARCHHISTORY_USERS_FK" FOREIGN KEY ("USID")
	  REFERENCES "CATJI"."USERS" ("USID") ENABLE;
--------------------------------------------------------
--  Ref Constraints for Table TAG
--------------------------------------------------------

  ALTER TABLE "CATJI"."TAG" ADD CONSTRAINT "TAG_CAT_CAT_ID_FK" FOREIGN KEY ("CAT_ID")
	  REFERENCES "CATJI"."CAT" ("CAT_ID") ENABLE;
--------------------------------------------------------
--  Ref Constraints for Table USERS
--------------------------------------------------------

  ALTER TABLE "CATJI"."USERS" ADD CONSTRAINT "USERS_CAT_CAT_ID_FK" FOREIGN KEY ("CAT_ID")
	  REFERENCES "CATJI"."CAT" ("CAT_ID") ENABLE;
--------------------------------------------------------
--  Ref Constraints for Table VIDEO
--------------------------------------------------------

  ALTER TABLE "CATJI"."VIDEO" ADD CONSTRAINT "VIDEO_USERS_FK" FOREIGN KEY ("USID")
	  REFERENCES "CATJI"."USERS" ("USID") ENABLE;
--------------------------------------------------------
--  Ref Constraints for Table VIDEOCOMMENT
--------------------------------------------------------

  ALTER TABLE "CATJI"."VIDEOCOMMENT" ADD CONSTRAINT "VIDEOCOMMENT_USER_FK" FOREIGN KEY ("USID")
	  REFERENCES "CATJI"."USERS" ("USID") ENABLE;
  ALTER TABLE "CATJI"."VIDEOCOMMENT" ADD CONSTRAINT "VIDEOCOMMENT_VIDEO_FK" FOREIGN KEY ("VID")
	  REFERENCES "CATJI"."VIDEO" ("VID") ENABLE;
  ALTER TABLE "CATJI"."VIDEOCOMMENT" ADD CONSTRAINT "VIDEOCOMMENT_VIDEOCOMMENT_FK" FOREIGN KEY ("REPLY_VCID")
	  REFERENCES "CATJI"."VIDEOCOMMENT" ("VCID") ENABLE;
  ALTER TABLE "CATJI"."VIDEOCOMMENT" ADD CONSTRAINT "VIDEOCOMMENT_VIDEOCOMMENT_VCID_FK" FOREIGN KEY ("PARENT_VCID")
	  REFERENCES "CATJI"."VIDEOCOMMENT" ("VCID") ENABLE;
--------------------------------------------------------
--  Ref Constraints for Table VIDEOTAG
--------------------------------------------------------

  ALTER TABLE "CATJI"."VIDEOTAG" ADD CONSTRAINT "VIDEOTAG_VIDEO_FK" FOREIGN KEY ("VID")
	  REFERENCES "CATJI"."VIDEO" ("VID") ENABLE;
  ALTER TABLE "CATJI"."VIDEOTAG" ADD CONSTRAINT "VIDEOTAG_TAG_FK" FOREIGN KEY ("TAG_ID")
	  REFERENCES "CATJI"."TAG" ("TAG_ID") ENABLE;
--------------------------------------------------------
--  Ref Constraints for Table WATCHHISTORY
--------------------------------------------------------

  ALTER TABLE "CATJI"."WATCHHISTORY" ADD CONSTRAINT "WHISTORY_USER_FK" FOREIGN KEY ("USID")
	  REFERENCES "CATJI"."USERS" ("USID") ENABLE;
  ALTER TABLE "CATJI"."WATCHHISTORY" ADD CONSTRAINT "WHISTORY_VIDEO_FK" FOREIGN KEY ("VID")
	  REFERENCES "CATJI"."VIDEO" ("VID") ENABLE;
